/*
Navicat MySQL Data Transfer

Source Server         : localhost
Source Server Version : 50621
Source Host           : localhost:3306
Source Database       : spotter

Target Server Type    : MYSQL
Target Server Version : 50621
File Encoding         : 65001

Date: 2015-10-18 16:44:24
*/

SET FOREIGN_KEY_CHECKS=0;

-- ----------------------------
-- Table structure for integrations
-- ----------------------------
DROP TABLE IF EXISTS `integrations`;
CREATE TABLE `integrations` (
  `id` int(11) NOT NULL AUTO_INCREMENT,
  `bname` varchar(255) DEFAULT NULL,
  `cname` varchar(255) DEFAULT NULL,
  `main_category` int(11) DEFAULT NULL,
  PRIMARY KEY (`id`)
) ENGINE=InnoDB AUTO_INCREMENT=10 DEFAULT CHARSET=utf8;

-- ----------------------------
-- Records of integrations
-- ----------------------------
INSERT INTO `integrations` VALUES ('1', 'Room Booking', 'Book a room', '2');
INSERT INTO `integrations` VALUES ('2', 'Property Management System', null, '2');
INSERT INTO `integrations` VALUES ('3', 'Table Booking', 'Book a table', '1');
INSERT INTO `integrations` VALUES ('4', 'Delivery', 'Delivery', '1');
INSERT INTO `integrations` VALUES ('5', 'Taxi Booking', 'Book a taxi', '3');
INSERT INTO `integrations` VALUES ('6', 'Shuttle Bus Booking', 'Book a shuttle bus', '3');
INSERT INTO `integrations` VALUES ('7', 'Watersports Booking', 'Book a sport', '4');
INSERT INTO `integrations` VALUES ('8', 'Sun beds Booking', 'Book a sunbed', '4');
INSERT INTO `integrations` VALUES ('9', 'Ticket Booking', 'Book a ticket', '4');

-- ----------------------------
-- Table structure for items
-- ----------------------------
DROP TABLE IF EXISTS `items`;
CREATE TABLE `items` (
  `id` int(11) NOT NULL AUTO_INCREMENT,
  `name` varchar(255) DEFAULT NULL,
  `address` varchar(255) DEFAULT NULL,
  `main_category` int(11) DEFAULT NULL,
  `created` datetime DEFAULT NULL,
  `lat` varchar(20) DEFAULT NULL,
  `lon` varchar(20) DEFAULT NULL,
  `tel` varchar(100) DEFAULT NULL,
  `description` text,
  `website` varchar(100) DEFAULT NULL,
  `email` varchar(100) DEFAULT NULL,
  `price` float(6,2) DEFAULT NULL,
  PRIMARY KEY (`id`),
  FULLTEXT KEY `name` (`name`),
  FULLTEXT KEY `description` (`description`),
  FULLTEXT KEY `address` (`address`)
) ENGINE=MyISAM AUTO_INCREMENT=321 DEFAULT CHARSET=utf8;

-- ----------------------------
-- Records of items
-- ----------------------------
INSERT INTO `items` VALUES ('58', 'ΕΝ ΠΛΩ', 'Λεωφόρος Ποσειδώνος 4 , 166 71  Βουλιαγμένη  Αττικής', '1', '2015-10-02 19:58:52', '37.8110448', '23.7821324', '210 967 1770', 'Δίπλα στη θάλασσα, το Εν Πλω αποτελεί ένα αγαπημένο all day bar restaurant στη Βουλιαγμένη. Από το πρωί έως το βράδυ, σημείο συνάντησης όλων των ηλικιών, που απολαμβάνουν το café, το γεύμα ή το ποτό τους,...', 'http://www.en-plo.gr', '', '72.00');
INSERT INTO `items` VALUES ('59', 'BARAONDA', 'Τσόχα Αναστάσιου 43 , 115 21  Αθήνα  Αττικής', '1', '2015-10-02 19:58:52', '37.9866131', '23.7540023', '210 644 1778', 'Το πιο exclusive bar - restaurant του κέντρου της πόλης προσφέρει κάθε βράδι αυθεντικές Fine Dining & Clubbing εμπειρίες για τα πιο όμορφα και γνωστά πρόσωπα... Στο club, κάθε νύχτα μετατρέπεται σε...', 'http://www.baraonda.gr', '', '78.00');
INSERT INTO `items` VALUES ('60', 'ΕΛΑΙΑ', 'Ερεχθέως 16 , 105 56  Αθήνα  Αττικής', '1', '2015-10-02 19:58:52', '37.9731949', '23.7286393', '210 324 9512', 'Ταξίδι στον χρόνο.Εκεί όπου η μυθική Μελίνα ξελόγιαζε τον Ντασσέν στο «Ποτέ την Κυριακή»... σήμερα το Ελαία μάς ταξιδεύει στο χρόνο και στην παράδοση.Σε ένα από τα πιο κεντρικά και όμορφα σημεία της Πλάκας,...', 'http://www.stathokostopoulosgroup.gr/sites/elaia', '', '49.00');
INSERT INTO `items` VALUES ('61', 'ΤΕΡΙΝΑ', 'Καπνικαρέας 35 , Πλάκα , 105 56   Αθήνα  Αττικής', '1', '2015-10-02 19:58:52', '37.9750855', '23.727866', '210 321 5015', 'Στο κέντρο της Πλάκας, το Τερίνα αποτελεί μια all day πρόταση για café και εστιατόριο , ενώ το βράδυ λειτουργεί και ως bar. Η ποιότητα της εξυπηρέτησης συνδυάζεται με ένα μοναδικά διακοσμημένο χώρο, στον...', 'http://www.terina.gr', '', '79.00');
INSERT INTO `items` VALUES ('62', 'ΙΘΑΚΗ', 'Απόλλωνος 28 , 166 71  Βουλιαγμένη  Αττικής', '1', '2015-10-02 19:58:52', '37.8119995', '23.7743605', '210 896 3739', 'Κλασικό είναι ίσως το μόνο επίθετο που μπορεί να χαρακτηρίσει το εστιατόριο  ΙΘΑΚΗ.Για περισσότερο από 2 δεκαετίες, στη μαγευτική τοποθεσία του Λαιμού της Βουλιαγμένης με θέα που κόβει την ανάσα, το ΙΘΑΚΗ...', 'http://www.ithakirestaurantbar.gr', '', '26.00');
INSERT INTO `items` VALUES ('63', 'OSTRIA & SEA AND THE CITY', 'Λεωφόρος Ποσειδώνος 10 , 174 55  Καλαμάκι (ή Άλιμος)  Αττικής', '1', '2015-10-02 19:58:52', '37.9162162', '23.7056228', '210 985 0118', 'Ένα δημοφιλές σημείο συνάντησης για όλες της ηλικίες, που προσφέρει τη δυνατότητα να απολαύσετε το café ή το γεύμα δίπλα στη θάλασσα, καθ’ όλη τη διάρκεια της ημέρας. Η άνεση, η φιλικότητα και οι προστιθέμενης...', 'http://www.ostria.gr', '', '8.00');
INSERT INTO `items` VALUES ('64', 'Η ΠΑΛΙΑ ΤΑΒΕΡΝΑ ΤΟΥ ΨΑΡΑ', 'Ερωτοκρίτου 12 , 105 58  Αθήνα  Αττικής', '1', '2015-10-02 19:58:52', '37.9728889', '23.7288507', '210 321 8733', 'Το πιο παλιό εστιατόριο  της Πλάκας συνεχίζει να υποδέχεται τους φίλους της καλής, παραδοσιακής ελληνικής κουζίνας, με έμφαση στην ποιότητα της γεύσης και της εξυπηρέτησης.Για περισσότερες από δύο δεκαετίες,...', 'http://www.psaras-taverna.gr', '', '75.00');
INSERT INTO `items` VALUES ('65', 'ΑΚΡΩΤΗΡΙ', 'Βασιλέως Γεωργίου Β΄ 5 , 166 73  Βούλα  Αττικής', '1', '2015-10-02 19:58:52', '37.842418', '23.7766293', '210 985 9147', 'Το ΑΚΡΩΤΗΡΙ αποτελεί την ιδανική πρόταση, για όσους επιθυμούν να διοργανώσουν μια εκδήλωση που θα μείνει αξέχαστη. Υψηλά standards ποιότητας, εξυπηρέτησης και αισθητικής προσδίδουν προστιθέμενη αξία στα...', 'http://www.akrotirilounge.gr', '', '53.00');
INSERT INTO `items` VALUES ('66', 'ΕΡΜΕΙΟΝ', 'Πανδρόσου 15 , 105 56  Αθήνα  Αττικής', '1', '2015-10-02 19:58:52', '37.9753112', '23.7284616', '210 324 6725', 'Το Ερμείον βρίσκεται σε κέντρο - απόκεντρο της Πλάκας, καθώς στεγάζεται σε ένα παλιό οίκημα στην οδό Πανδρόσου. Πρόκειται για ένα κλασικό εστιατόριο , αφιερωμένο στην ελληνική κουζίνα και τις μοναδικές...', 'http://www.hermion.gr', '', '4.00');
INSERT INTO `items` VALUES ('67', 'Ο ΨΑΡΑΣ', 'Ελαιών 54 & Εχίνου 1 , 145 64  Κηφισιά  Αθηνών', '1', '2015-10-02 19:58:52', '38.094583', '23.7943584', '210 620 5925', 'Ο ΨΑΡΑΣ επί 30 και πλέον χρόνια έχει ταυτιστεί με την εκλεκτή θαλασσινή κουζίνα. Βασικό στοιχείο της ταυτότητας και της φήμης του αποτελεί το πάντα φρέσκο και καλοψημένο ψάρι, που συνοδεύεται από κλασικά...', 'http://www.opsaras.com', '', '55.00');
INSERT INTO `items` VALUES ('68', 'ΠΑΛΙΑ ΠΛΑΚΙΩΤΙΚΗ ΤΑΒΕΡΝΑ', 'Λυσίου 26 , 105 56  Αθήνα  Αττικής', '1', '2015-10-02 19:58:52', '37.9732131', '23.7289891', '210 322 8722', 'Η παλιά ταβέρνα του Σταματόπουλου λειτουργεί, από το 1882, στη βορειοανατολική πλευρά του ιερού βράχου της Ακρόπολης.Οι πελάτες μας μπορούν να γευθούν παραδοσιακές λιχουδιές, να χαλαρώσουν και να απολαύσουν...', 'http://www.stamatopoulostavern.gr', '', '25.00');
INSERT INTO `items` VALUES ('69', 'WABI SABI', 'Εμμ. Μπενάκη 9 , 106 78  Αθήνα  Αττικής', '1', '2015-10-02 19:58:52', '37.9835418', '23.7308552', '210 330 6562', '', 'http://www.asian-food.gr', '', '74.00');
INSERT INTO `items` VALUES ('70', 'ΔΑΦΝΕΣ', 'Λυσικράτους 4 , 105 58  Αθήνα  Αττικής', '1', '2015-10-02 19:58:52', '37.9708898', '23.730344', '210 322 7971', 'Το εστιατόριο  Δάφνες αποτελεί μια από τις πλέον κλασικές επιλογές στην περιοχή της Πλάκας και από τους πιο δημοφιλείς προορισμούς όλων των εξεχουσών προσωπικοτήτων της διεθνούς πολιτικής και επιχειρηματικής...', 'http://www.daphnesrestaurant.gr', '', '40.00');
INSERT INTO `items` VALUES ('71', 'LA PASTERIA', 'Λεωφόρος Αχαρνών 309 & Στρ. Καλλάρη , Πατήσια , 111 45   Αθήνα  Αττικής', '1', '2015-10-02 19:58:52', '38.0729103', '23.7977175', '210 223 6295', '', 'http://www.lapasteria.gr', '', '68.00');
INSERT INTO `items` VALUES ('72', 'ΡΑΜΠΑΓΑΣ', 'Σίφνος (ή Απολλωνία)  Κυκλάδων  ', '1', '2015-10-02 19:58:52', '36.9679573', '24.7024179', '228 403 2215', '', 'http://www.kikladonxoros.gr', '', '7.00');
INSERT INTO `items` VALUES ('73', 'ΠΑΛΗΟ ΤΕΤΡΑΔΙΟ - Ο ΓΕΡΟΣ ΤΟΥ ΜΩΡΙΑ', 'Μνησικλέους 27 , 105 56  Αθήνα  Αττικής', '1', '2015-10-02 19:58:52', '37.9732913', '23.7277948', '210 322 1753', '', 'http://www.gerostoumoria-restaurant.com', '', '65.00');
INSERT INTO `items` VALUES ('74', 'ΤΟ ΜΠΕΡΔΕΜΑ', 'Κηφισιά  Αττικής  ', '1', '2015-10-02 19:58:52', '38.0767848', '23.8146974', '210 620 1138', '', 'http://www.berdema.com', '', '19.00');
INSERT INTO `items` VALUES ('75', 'ΛΕΜΟΝΟΚΗΠΟΣ', 'Αγίας Τριάδος 11 & Επταλόφου , 143 41  Νέα Φιλαδέλφεια  Αττικής', '1', '2015-10-02 19:58:52', '38.2910724', '23.7841367', '210 258 8611', '', 'http://www.lemonokipos.gr', '', '43.00');
INSERT INTO `items` VALUES ('76', 'SETTE TRATORIA', 'Γρηγ. Γυφτοπούλου 7 , 152 33  Χαλάνδρι  Αττικής', '1', '2015-10-02 19:58:52', '38.0226266', '23.7981695', '210 689 4316', '', 'http://www.sette.gr', '', '78.00');
INSERT INTO `items` VALUES ('77', 'YAMATO FURIN KAZAN', 'Αλκιμάχου 21 , 116 34  Αθήνα  Αττικής', '1', '2015-10-02 19:58:52', '37.9741323', '23.7500788', '210 724 5361', '', 'http://www.yamatogreece.com', '', '99.00');
INSERT INTO `items` VALUES ('78', 'ΝΕΟΣ ΡΗΓΑΣ', 'Αδριανού 124 & Χατζημιχάλη 13 , 105 58  Αθήνα  Αττικής', '1', '2015-10-02 19:58:52', '37.9724648', '23.730329', '210 324 0830', '', 'http://www.newrigas.gr', '', '74.00');
INSERT INTO `items` VALUES ('79', 'DULCIS IN FUNDO', 'Πρίγκιπα Πέτρου 33 , 166 74  Γλυφάδα  Αττικής', '1', '2015-10-02 19:58:52', '37.8619956', '23.7541813', '210 894 2316', '', 'http://www.dulcisinfundo.gr', '', '28.00');
INSERT INTO `items` VALUES ('80', 'ΜΟΥΣΕΣ', 'Αγίου Φιλίππου 20 & Αδριανού , 105 55  Αθήνα  Αττικής', '1', '2015-10-02 19:58:52', '37.9761975', '23.722964', '210 321 9332', '', 'http://www.plakiotissa.gr', '', '52.00');
INSERT INTO `items` VALUES ('81', 'ΓΕΥΣΤΙΚΟΝ', 'Γούναρη 190 , 166 74  Γλυφάδα  Αττικής', '1', '2015-10-02 19:58:52', '37.8710282', '23.7646303', '210 963 0762', '', 'http://www.geustikon.gr', '', '96.00');
INSERT INTO `items` VALUES ('82', 'ΣΟΥΦΑΛΑ', 'Λουίζης Ριανκούρ 75 - 81 , Αμπελόκηποι , 115 24   Αθήνα  Αττικής', '1', '2015-10-02 19:58:52', '37.9939419', '23.765038', '210 692 5354', '', 'http://www.facebook.com/TavernaEstiatorioSoyfala?rf=152311024866866', '', '91.00');
INSERT INTO `items` VALUES ('83', 'ΝΟΟDLE BAR ΑΛΙΜΟΣ - Π. ΦΑΛΗΡΟ', 'Λεωφόρος Καλαμακίου 44 , 174 55  Καλαμάκι  Αττικής', '1', '2015-10-02 19:58:52', '37.9141', '23.7157507', '210 985 0250', '', 'http://www.noodle-bar.net', '', '19.00');
INSERT INTO `items` VALUES ('84', 'ΤΟ ΡΕΜΟΥΤΣΙΚΟ', 'Λεωφόρος Αγίου Δημητρίου 120 , 173 41  Άγιος Δημήτριος  Αττικής', '1', '2015-10-02 19:58:52', '37.9394366', '23.7312607', '210 970 4515', '', 'http://www.remoutsiko.gr', '', '84.00');
INSERT INTO `items` VALUES ('85', 'COOK BAR ENZZO', 'Αγίας Παρασκευής 72 , 121 32  Περιστέρι  Αττικής', '1', '2015-10-02 19:58:52', '38.0114255', '23.7066782', '210 578 7789', '', 'http://www.enzzodecuba.gr', '', '30.00');
INSERT INTO `items` VALUES ('86', 'PARADISO', 'Αποστολοπούλου Ι. 58 , 152 31  Χαλάνδρι  Αττικής', '1', '2015-10-02 19:58:52', '38.0078815', '23.7904125', '210 672 2290', '', 'https://www.facebook.com/paradisorestaurant', '', '6.00');
INSERT INTO `items` VALUES ('87', 'ΜΑΓΓΙΝΑΣ', 'Σολωμού Διονύσιου 1 , 151 27  Μελίσσια  Αττικής', '1', '2015-10-02 19:58:52', '38.065235', '23.8423331', '210 804 6143', '', 'http://www.manginas.com.gr', '', '62.00');
INSERT INTO `items` VALUES ('88', 'ΤΡΙΑΝΤΑΦΥΛΛΙΕΣ', 'Λεωφόρος Αγίου Ιωάννου Καρέα 73 , 162 33  Βύρωνας  Αττικής', '1', '2015-10-02 19:58:52', '37.9469055', '23.7735955', '210 766 3607', '', '', '', '87.00');
INSERT INTO `items` VALUES ('89', 'ΜΟΜΟ ASIAN STREET FOOD', 'Γλυφάδα  Αττικής', '1', '2015-10-02 19:58:52', '37.8981812', '23.7662132', '210 894 2114', '', 'http://www.momo.com.gr', '', '20.00');
INSERT INTO `items` VALUES ('90', 'AL PINO - ΣΚΑΡΛΑΣ ΚΩΝ/ΝΟΣ', 'Λεωφόρος Ποσειδώνος 4 & Ναϊάδων 1 , 175 61  Παλαιό Φάληρο  Αττικής', '1', '2015-10-02 19:58:52', '37.9314352', '23.6882999', '210 984 4000', '', 'http://www.al-pino.gr', '', '98.00');
INSERT INTO `items` VALUES ('91', 'EGNATIA PALACE HOTEL', 'Θεσσαλονίκη  Θεσσαλονίκης', '2', '2015-10-02 19:59:12', '40.6400629', '22.9444191', '231 022 2900', 'Το Ξενοδοχείο  EGNATIA PALACE HOTEL βρίσκεται στο κέντρο της αγοράς της πόλης της Θεσσαλονίκης.Το ξενοδοχείο  διακρίνεται για την άνετη διαμονή του, τη μοντέρνα αρχιτεκτονική, τη διακριτική πολυτέλεια και...', 'http://www.egnatiapalace.gr', '', '55.00');
INSERT INTO `items` VALUES ('92', 'ΞΕΝΟΔΟΧΕΙΟ ΟΛΥΜΠΙΟΝ', 'Μαβίλη 10 , Αχαρνές , 136 74  Μενίδι  Αττικής', '2', '2015-10-02 19:59:12', '38.0529082', '23.703103', '210 231 6019', 'Το ξενοδοχείο  OLYMPION στις Αχαρνές, στην Αθήνα, είναι ένα κομψό ξενοδοχείο  με σύγχρονες εγκαταστάσεις, ειδικά διαμορφωμένο, ώστε να προσφέρει στους επισκέπτες του μια ευχάριστη διαμονή. Το έμπειρο και...', 'http://www.olympionhotel.gr', '', '19.00');
INSERT INTO `items` VALUES ('93', 'CHRIS - ΑΦΟΙ ΚΟΤΣΩΝΗ Ο.Ε.', 'Ποταμού 6 , 145 64  Κηφισιά  Αττικής', '2', '2015-10-02 19:59:12', '38.1010014', '23.8110439', '210 620 4463', 'Το Ξενοδοχείο  Chris βρίσκεται σε μια από τις πιο ήσυχες περιοχές της Νέας Κηφισιάς, στα Βόρεια Προάστια στο 19ο χλμ. εθνικής οδού Αθηνών - Λαμίας Ε-75, Κόμβος Βαρυμπόμπης. Το ξενοδοχείο  απέχει μόλις 30...', 'http://www.hotel-chris.gr', '', '40.00');
INSERT INTO `items` VALUES ('94', 'ATHINAIS HOTEL', 'Λεωφόρος Βασιλίσσης Σοφίας 99 , 115 21  Αθήνα  Αττικής', '2', '2015-10-02 19:59:12', '37.9832734', '23.7574418', '210 644 0210', 'Το Ξενοδοχείο  ATHINAIS HOTEL βρίσκεται στην Αθήνα, επί της Βασιλίσσης Σοφίας, κοντά στο Μέγαρο Μουσικής, με εύκολη πρόσβαση σε 2 σταθμούς μετρό και άλλα μέσα μαζικής μεταφοράς.Το οικείο περιβάλλον του...', 'http://www.athinaishotel.gr/default.htm', '', '8.00');
INSERT INTO `items` VALUES ('95', 'HOTEL ELIZABETH', 'Αρκαδίας 46 , Αμπελόκηποι - Γουδή , 115 27   Αθήνα  Αττικής', '2', '2015-10-02 19:59:12', '37.9873097', '23.7672665', '210 777 4379', 'Το Ξενοδοχείο  HOTEL ELIZABETH στην Αθήνα προσφέρει μια ευχάριστη διαμονή στα πλήρως ανακαινισμένα και εξοπλισμένα δωμάτιά του. Παροχές: A/C, ψυγείο, TV, δωρεάν ασύρματο internet, υπηρεσία αφύπνισης, ρεσεψιόν...', 'http://www.hotelelizabeth.gr', '', '45.00');
INSERT INTO `items` VALUES ('96', 'ATHENS LEDRA HOTEL', 'Λ. Συγγρού 115 , Νέος Κόσμος , 117 45   Αθήνα  Αττικής', '2', '2015-10-02 19:59:12', '37.9573729', '23.7182288', '210 930 0000', 'Το ξενοδοχείο  ATHENS LEDRA HOTEL, στην Αθήνα, με μοναδική θέα στην Ακρόπολη, βρίσκεται σε κοντινή απόσταση από την Πλάκα, το λιμάνι του Πειραιά, το Νέο Μουσείο της Ακρόπολης και την παραλία. Το λεωφορείο...', 'http://www.athensledrahotel.com', '', '87.00');
INSERT INTO `items` VALUES ('97', 'ΞΕΝΟΔΟΧΕΙΟ ΙΛΙΣΙΑ', 'Μιχαλακοπούλου 25 , Ιλίσια , 115 28   Αθήνα  Αττικής', '2', '2015-10-02 19:59:12', '37.9758583', '23.7519312', '210 724 4051', 'Το Best Western Ιλίσια Hotel βρίσκεται σε μια από τις καλύτερες τοποθεσίες του κέντρου της Αθήνας, δίπλα σε εμπορικά καταστήματα και μεγάλες επιχειρήσεις. Δίπλα από το Athens Hilton και πολύ κοντά από...', 'http://www.ilisiahotel.gr', '', '12.00');
INSERT INTO `items` VALUES ('98', 'ATHENS ATRIUM HOTEL', 'Ωκεανίδων 21 , 117 45  Αθήνα  Αττικής', '2', '2015-10-02 19:59:12', '37.9545309', '23.7177433', '210 931 9300', 'Το ξενοδοχείο  Athens Atrium είναι γνωστό για την άνεση, την προσωπική εξυπηρέτηση και την κλασική του κομψότητα. Θεωρείται ένα από τα πιο υποσχόμενα ξενοδοχεία  4 αστέρων στην Αθήνα. Το ξενοδοχείο  προσφέρει...', 'http://www.athensatrium.gr', '', '15.00');
INSERT INTO `items` VALUES ('99', 'ATHENS AIRPORT HOTEL LES AMIS', 'Σωκράτους 20 & Πρεβέζης , 166 72  Βάρη  Αττικής', '2', '2015-10-02 19:59:12', '39.6493761', '22.432399', '210 899 1002', 'Βρίσκεται στη Βάρη, σε ένα ήσυχο και καταπράσινο περιβάλλον, δίπλα σε δεκάδες παραδοσιακές ταβέρνες, όπου μπορείτε να απολαύσετε την Ελληνική κουζίνα, αλλά και κάποια από τα διασημότερα παραθαλάσσια θέρετρα...', 'http://www.athens-airporthotel.com', '', '29.00');
INSERT INTO `items` VALUES ('100', 'BORA BORA HOTEL', 'Λεωφόρος Θεσσαλονίκης 53 , 143 42  Νέα Φιλαδέλφεια  Αττικής', '2', '2015-10-02 19:59:12', '38.0520616', '23.7441931', '210 253 1804', '', 'http://boraborahotel.gr', '', '54.00');
INSERT INTO `items` VALUES ('101', 'PAN HOTEL', 'Μητροπόλεως 11 , 105 57  Αθήνα  Αττικής', '2', '2015-10-02 19:59:12', '37.9751685', '23.7325897', '210 323 7816', '', 'http://www.panhotel.gr', '', '7.00');
INSERT INTO `items` VALUES ('102', 'ATHENS CYPRIA HOTEL', 'Διομείας 5 , 105 63  Αθήνα  Αττικής', '2', '2015-10-02 19:59:12', '37.9763758', '23.7316886', '210 323 8034', '', 'http://www.athenscypriahotel.com', '', '55.00');
INSERT INTO `items` VALUES ('103', 'GOLDEN AGE HOTEL', 'Ανδρέα Μιχαλακοπούλου 57 , 115 28  Αθήνα  Αττικής', '2', '2015-10-02 19:59:12', '37.9783716', '23.7554374', '210 724 0861', '', 'http://www.hotelgoldenage.com', '', '53.00');
INSERT INTO `items` VALUES ('104', 'ACROPOL HOTEL', 'Λεωφ. Πεντέλης 71 , 152 33  Χαλάνδρι  Αττικής', '2', '2015-10-02 19:59:12', '38.0259111', '23.8099856', '210 682 6650', '', 'http://www.acropol.gr', '', '28.00');
INSERT INTO `items` VALUES ('105', 'HOTEL HELLINIS', 'Κέρκυρα  Κερκύρας  ', '2', '2015-10-02 19:59:12', '39.6249838', '19.9223461', '266 108 1154', '', 'http://www.cnhotelgroup.com', '', '47.00');
INSERT INTO `items` VALUES ('106', 'HOTEL ARETOUSA', 'Μητροπόλεως 6 , 105 63  Αθήνα  Αττικής', '2', '2015-10-02 19:59:12', '37.9752713', '23.7330426', '210 322 9431', '', 'http://www.arethusahotel.gr', '', '14.00');
INSERT INTO `items` VALUES ('107', 'PALEO ARTNOUVEAU - (ΠΡΩΗΝ PALEOKASTRITSA)', 'Παλαιοκαστρίτσα  Κερκύρας  ', '2', '2015-10-02 19:59:12', '39.6751982', '19.7081324', '266 304 1207', '', 'http://www.cnhotelgroup.com', '', '15.00');
INSERT INTO `items` VALUES ('108', 'FOUR SEASONS HOTEL', 'Λεωφόρος Ποσειδώνος 79 , 166 75  Γλυφάδα  Αττικής', '2', '2015-10-02 19:59:12', '37.8621593', '23.7485567', '210 894 2211', '', 'http://www.fourseasonshotel.gr', '', '67.00');
INSERT INTO `items` VALUES ('109', 'HOTEL ALBATROS', 'Κάρπαθος  Δωδεκανήσου  ', '2', '2015-10-02 19:59:12', '35.507574', '27.2121995', '224 508 1045', '', 'http://www.hotelalbatrosamopi.gr', '', '4.00');
INSERT INTO `items` VALUES ('110', 'HOTEL FAROS', 'Πειραιάς  Αττικής  ', '2', '2015-10-02 19:59:12', '37.9429857', '23.6469832', '210 429 5171', '', 'http://www.faros-hotel.gr', '', '25.00');
INSERT INTO `items` VALUES ('111', 'BRASIL SUITES HOTEL', 'Ελευθερίας 4 , 166 74  Γλυφάδα  Αττικής', '2', '2015-10-02 19:59:12', '37.8571584', '23.7553384', '210 894 2124', '', 'http://www.brasilhotel.gr', '', '60.00');
INSERT INTO `items` VALUES ('112', 'LION', 'Ευζώνων 7 , 115 21  Αθήνα  Αττικής', '2', '2015-10-02 19:59:12', '37.9793249', '23.7494024', '210 724 8722', '', 'http://www.lionhotel.gr', '', '82.00');
INSERT INTO `items` VALUES ('113', 'ALASSIA HOTEL', 'Σωκράτους 50 , 104 31  Αθήνα  Αττικής', '2', '2015-10-02 19:59:12', '37.984954', '23.7270645', '210 527 4000', '', '', '', '99.00');
INSERT INTO `items` VALUES ('114', 'ST. GEORGE LYCABETTUS HOTEL', 'Κλεομένους 2 , 106 75  Αθήνα  Αττικής', '2', '2015-10-02 19:59:12', '37.9794432', '23.742454', '210 741 6000', '', 'http://www.sgl.gr', '', '72.00');
INSERT INTO `items` VALUES ('115', 'ΑΡΤΕΜΙΣΙΟΝ', 'Βερανζέρου 20 , 104 32  Αθήνα  Αττικής', '2', '2015-10-02 19:59:12', '37.9855796', '23.7287605', '210 524 9443', '', 'http://www.artemision.gr', '', '86.00');
INSERT INTO `items` VALUES ('116', 'ΙΛΙΣΣΟΣ ΑΕ', 'Καλλιρρόης 72 , 117 41  Αθήνα  Αττικής', '2', '2015-10-02 19:59:12', '37.9613536', '23.7205492', '210 920 2000', '', 'http://www.ilissos.gr', '', '33.00');
INSERT INTO `items` VALUES ('117', 'ATLAS HOTEL', 'Θεσσαλονίκη  Θεσσαλονίκης  ', '2', '2015-10-02 19:59:12', '40.6400629', '22.9444191', '231 053 7046', '', 'http://www.atlashotel.gr', '', '6.00');
INSERT INTO `items` VALUES ('118', 'CENTROTEL', 'Παιωνίου 11Α Πλατεία Βιτκωρίας , 104 40  Αθήνα  Αττικής', '2', '2015-10-02 19:59:12', '37.9934968', '23.7243871', '210 825 8010', '', '', '', '90.00');
INSERT INTO `items` VALUES ('119', 'ΕΡΜΗΣ', 'Απόλλωνος 19 , 105 57  Αθήνα  Αττικής', '2', '2015-10-02 19:59:12', '37.9746626', '23.731255', '210 323 5514', '', '', '', '41.00');
INSERT INTO `items` VALUES ('120', 'HOTEL BLUE SKY', 'Ελευθερίας 26 , 166 74  Γλυφάδα  Αττικής', '2', '2015-10-02 19:59:12', '37.8567208', '23.7588569', '210 894 7722', '', '', '', '28.00');
INSERT INTO `items` VALUES ('121', 'MINOS PALACE', 'Λεωφόρος Βενιζέλου Ελευθερίου | Πανεπιστημίου 56 , 106 78  Αθήνα  Αττικής', '2', '2015-10-02 19:59:12', '37.9821307', '23.7315872', '210 381 9782', '', '', '', '45.00');
INSERT INTO `items` VALUES ('122', 'BALASCA HOTEL', 'Λιοσίων 45 & Ηπείρου , 104 39  Αθήνα  Αττικής', '2', '2015-10-02 19:59:12', '38.0048234', '23.7221117', '210 883 5211', '', '', '', '63.00');
INSERT INTO `items` VALUES ('123', 'THEOXENIA HOUSE HOTEL', 'Τρικούπη Χαρίλαου 42 , 145 62  Κηφισιά  Αττικής', '2', '2015-10-02 19:59:12', '38.0723553', '23.8208879', '210 623 3624', '', '', '', '20.00');
INSERT INTO `items` VALUES ('124', 'ΡΑΔΙΟΤΑΞΙ ΚΗΦΙΣΙΑΣ Ο ΠΛΑΤΑΝΟΣ', 'Αγίου Τρύφωνος 12 , 145 62  Κηφισιά  Αττικής', '3', '2015-10-02 19:59:12', '38.0688301', '23.8136441', '210 808 4000', 'Στο ΡΑΔΙΟΤΑΞΙ  ΚΗΦΙΣΙΑΣ Ο ΠΛΑΤΑΝΟΣ, Ταξί  - Ραδιοταξί  στην Κηφισιά, γράφουμε τη δική μας ιστορία στους δρόμους αυτής της πόλης, και όχι μόνο, εδώ και 25 χρόνια.Και μεγαλώνουμε μαζί. Σας μετακινούμε αρχικά...', 'http://www.radiotaxi-kifisias.gr', '', '26.00');
INSERT INTO `items` VALUES ('125', 'HELLAS TRANFERS (TAXI AND MINI BUS)', 'Πανεπιστημίου 56 , 106 78  Αθήνα  Αττικής', '3', '2015-10-02 19:59:12', '37.9835275', '23.7304132', '211 770 2111', 'Η Hellas Transfers, έχοντας πολυετή εμπειρία στον τομέα των υπηρεσιών μεταφορών και πολυπληθή στόλο με άρτια εκπαιδευμένο προσωπικό, αποτελεί τη σίγουρη επιλογή στις μεταφορές.Παρεχόμενες υπηρεσίες:Άμεσες...', 'http://www.hellastransfers.com', '', '88.00');
INSERT INTO `items` VALUES ('126', 'TELETAXI - PRIVEE ΥΠΗΡΕΣΙΕΣ TAXI', 'Κερατσίνι  Αττικής', '3', '2015-10-02 19:59:12', '37.961782', '23.6183351', '694 082 7041', 'Η Teletaxi ιδρύθηκε το 1998 στην Αθήνα. Στόχος μας είναι η άμεση εξυπηρέτηση, με τηλεφωνικές κρατήσεις καθημερινά, από 9:00 έως 21:00Σκοπός της εταιρείας είναι να καινοτομεί στον κλάδο της, παρέχοντας...', 'http://www.teletaxi.gr', '', '27.00');
INSERT INTO `items` VALUES ('127', 'ΡΑΔΙΟΤΑΞΙ ΕΛΛΑΣ', 'Λεωφόρος Τατοΐου 92 , 144 52  Μεταμόρφωση  Αττικής', '3', '2015-10-02 19:59:12', '38.0620175', '23.7567243', '210 645 7000', 'Το 1993 οι Διοικήσεις και τα Μέλη τριών εκ των πιο παλαιών ραδιοταξί  της Αθήνας και συγκεκριμένα τα ραδιοταξί  ΠΡΟΟΔΟΣ, ΑΕΤΟΣ και ΑΡΗΣ αποφάσισαν τη συνένωση μεταξύ τους και δημιούργησαν το RADIO TAXI ...', 'http://www.radiotaxihellas.gr', '', '71.00');
INSERT INTO `items` VALUES ('128', 'YOURDRIVER TAXI TRANSFERS AND TOURS', 'Διστόμου 39 , 141 22  Ηράκλειο  Αττικής', '3', '2015-10-02 19:59:12', '38.054344', '23.7746424', '694 760 1212', 'Είστε ανεξάρτητος ταξιδιώτης, ζευγάρι ή ομάδα; Βρίσκεστε στην Αθήνα ή σκοπεύετε να την επισκεφτείτε; Είτε πρόκειται για διακοπές, είτε για επαγγελματικό ταξίδι, το YourDriver σάς παρέχει τις απαραίτητες...', 'http://www.yourdriver.gr', '', '37.00');
INSERT INTO `items` VALUES ('129', 'ΡΑΔΙΟΤΑΞΙ ΑΣΤΕΡΑΣ', 'Λεωφόρος Ειρήνης 32 , 151 21  Πεύκη  Αττικής', '3', '2015-10-02 19:59:12', '38.0592271', '23.7907623', '1 8288', 'Το ΡΑΔΙΟΤΑΞΙ  ΑΣΤΕΡΑΣ, με έδρα την Πεύκη, ξεκίνησε τη δυναμική του λειτουργία στο χώρο των Ραδιοταξί , στις 30 Νοεμβρίου 1997. Τα όνειρα όλων μας για τη δημιουργία μίας νέας εταιρείας στο χώρο του ραδιο<term...></term...>', 'http://www.asteras1.gr', '', '59.00');
INSERT INTO `items` VALUES ('130', 'ΡΑΔΙΟΤΑΞΙ COSMOS - 18300', 'Λεωφόρος Αθηνών 8 , 104 41  Αθήνα  Αττικής', '3', '2015-10-02 19:59:12', '37.9846697', '23.7134252', '1 8300', '', 'http://www.18300.gr', '', '63.00');
INSERT INTO `items` VALUES ('131', 'DVO TRANSFER CLUB', 'Βοσπόρου 102 , 142 35  Νέα Ιωνία  Αττικής', '3', '2015-10-02 19:59:12', '38.0375376', '23.7704186', '693 275 2428', '', 'http://www.dvoclub.gr', '', '90.00');
INSERT INTO `items` VALUES ('132', 'ΡΑΔΙΟ ΤΑΞΙ ΑΠΟΛΛΩΝ', 'Κοίλης 33 , 118 52  Αθήνα  Αττικής', '3', '2015-10-02 19:59:12', '37.9647713', '23.7101871', '210 363 6508', '', 'http://www.taxi-apollon.gr', '', '21.00');
INSERT INTO `items` VALUES ('133', 'ΡΑΔΙΟΤΑΞΙ ΕΝΟΤΗΤΑ', 'Μπουαίων 9 , 115 22  Αθήνα  Αττικής', '3', '2015-10-02 19:59:12', '37.9961587', '23.7586329', '210 645 9000', '', 'http://www.athensradiotaxienotita.gr', '', '27.00');
INSERT INTO `items` VALUES ('134', 'ΜΠΡΑΪΛΑΣ ΙΩΑΝΝΗΣ (MERCEDES)', 'Βούλα , 166 73  Αττικής', '3', '2015-10-02 19:59:12', '37.8453451', '23.7604527', '694 418 5733', '', 'http://www.facebook.com/taximprailas', '', '9.00');
INSERT INTO `items` VALUES ('135', 'ΡΑΔΙΟΤΑΞΙ MEGA METROPOLITAN Ε.Π.Ε.', 'Κλεισθένους 210 , 153 44  Γέρακας  Αττικής', '3', '2015-10-02 19:59:12', '38.027063', '23.8511981', '210 661 6500', '', '', '', '26.00');
INSERT INTO `items` VALUES ('136', 'ΜΠΑΣΟΔΗΜΗΤΡΗΣ ΧΡΗΣΤΟΣ', 'Αγίας Λαύρας 72 , 157 73  Ζωγράφου  Αττικής', '3', '2015-10-02 19:59:12', '37.9827883', '23.7687829', '697 301 9339', '', '', '', '86.00');
INSERT INTO `items` VALUES ('137', 'ΛΑΔΑ ΘΕΟΤΙΜΗ', 'Μελίσσια  Αττικής  ', '3', '2015-10-02 19:59:12', '38.0572295', '23.8336016', '', '', '', '', '16.00');
INSERT INTO `items` VALUES ('138', 'ΡΑΔΙΟΤΑΞΙ ΑΛΦΑ ΠΡΟΟΔΟΣ - ΣΥΝΕΤΑΙΡΙΣΜΟΣ ΑΣΥΡΜΑΤΟΦΟΡΩΝ ΤΑΞΙ ΣΥΝΠΕ', 'Ναούσης 28 , 104 47  Αθήνα  Αττικής', '3', '2015-10-02 19:59:12', '37.9846334', '23.7106102', '210 671 1200', '', '', '', '47.00');
INSERT INTO `items` VALUES ('139', 'ΓΚΙΟΚΕΖΑΣ ΧΡΗΣΤΟΣ', 'Μιαούλη Ανδρέα 8-10 , 111 46  Γαλάτσι  Αττικής', '3', '2015-10-02 19:59:12', '38.0146113', '23.7485468', '210 601 5040', '', '', '', '73.00');
INSERT INTO `items` VALUES ('140', 'ΜΟΡΦΟΓΙΑΝΝΗΣ ΚΩΝΣΤΑΝΤΙΝΟΣ', 'Ιππάρχου 50 , 117 43  Αθήνα  Αττικής', '3', '2015-10-02 19:59:12', '37.9604973', '23.7312907', '210 924 1317', '', '', '', '93.00');
INSERT INTO `items` VALUES ('141', 'ΠΑΠΑΘΕΟΔΩΡΟΥ ΒΑΣΙΛ', 'Λεωφόρος Βεΐκου 9-11 , 111 46  Γαλάτσι  Αττικής', '3', '2015-10-02 19:59:12', '38.0138528', '23.7534215', '210 292 4456', '', '', '', '95.00');
INSERT INTO `items` VALUES ('142', 'ΓΙΑΝΝΟΥΚΑΚΗΣ ΙΩΑΝΝΗΣ', 'Αγίας Σοφίας 66 , 121 33  Περιστέρι  Αττικής', '3', '2015-10-02 19:59:12', '38.0198158', '23.6966222', '210 572 6514', '', '', '', '13.00');
INSERT INTO `items` VALUES ('143', 'ΜΑΥΡΟΕΙΔΗΣ ΙΩΑΝΝ', 'Πρεμετής 8 , 111 47  Γαλάτσι  Αττικής', '3', '2015-10-02 19:59:12', '38.0086797', '23.754976', '210 213 8766', '', '', '', '79.00');
INSERT INTO `items` VALUES ('144', 'ΒΡΕΤΤΟΣ ΔΗΜΗΤΡ', 'Πίνδου 2 , 122 43  Αιγάλεω  Αττικής', '3', '2015-10-02 19:59:12', '38.0006263', '23.6737488', '210 598 7072', '', '', '', '51.00');
INSERT INTO `items` VALUES ('145', 'ΜΑΡΚΑΚΗΣ ΙΩΑΝΝΗΣ', 'Ηρακλέους 40 , 122 41  Αιγάλεω  Αττικής', '3', '2015-10-02 19:59:12', '37.9838525', '23.67844', '', '', '', '', '90.00');
INSERT INTO `items` VALUES ('146', 'ΣΤΡΑΤΑΚΗΣ ΑΡΙΣΤΕΙΔΗΣ', 'Αγίου Αντωνίου 78 , 152 38  Χαλάνδρι  Αττικής', '3', '2015-10-02 19:59:12', '38.0279367', '23.8275472', '', '', '', '', '89.00');
INSERT INTO `items` VALUES ('147', 'ΣΚΟΥΡΟΛΙΑΚΟΣ ΝΙΚΟΛΑΟΣ', 'Γαζίας 6 , 152 33  Χαλάνδρι  Αττικής', '3', '2015-10-02 19:59:12', '38.0310367', '23.8126585', '', '', '', '', '42.00');
INSERT INTO `items` VALUES ('148', 'ΜΥΡΙΔΑΚΗΣ ΙΩΑΝΝ', 'Τσιγάντε Ιωάννη 3 , 121 32  Περιστέρι  Αττικής', '3', '2015-10-02 19:59:12', '38.0104638', '23.7007324', '210 571 5791', '', '', '', '19.00');
INSERT INTO `items` VALUES ('149', 'ΚΑΝΕΛΛΟΠΟΥΛΟΣ ΕΥΣΤΑΘΙΟΣ', 'Αγίας Γλυκερίας 146 , 132 31  Πετρούπολη  Αττικής', '3', '2015-10-02 19:59:12', '38.0358258', '23.6856569', '210 505 9106', '', '', '', '70.00');
INSERT INTO `items` VALUES ('150', 'ΧΑΜΠΑΣ ΕΥΣΤΡ', 'Κεραμεικού 47 , 104 36  Αθήνα  Αττικής', '3', '2015-10-02 19:59:12', '37.9824362', '23.7206475', '210 523 0753', '', '', '', '13.00');
INSERT INTO `items` VALUES ('151', 'ΓΕΩΡΓΙΟΥ ΓΕΩΡΓ', 'Κλισαμπάρδα 1 , Αχαρνές , 136 74  Μενίδι  Αττικής', '3', '2015-10-02 19:59:12', '38.0935282', '23.7356621', '210 240 6775', '', '', '', '8.00');
INSERT INTO `items` VALUES ('152', 'ΜΥΤΑΡΑΣ ΓΕΩΡΓΙΟΣ', 'Τζαβέλλα 8 , 124 61  Χαϊδάρι  Αττικής', '3', '2015-10-02 19:59:12', '38.004134', '23.6663766', '210 531 6175', '', '', '', '5.00');
INSERT INTO `items` VALUES ('153', 'ΜΠΙΧΤΑΣ ΔΗΜΗΤΡΙΟΣ', 'Μεγάλου Αλεξάνδρου 18 , 171 22  Νέα Σμύρνη  Αττικής', '3', '2015-10-02 19:59:12', '37.9454997', '23.7053862', '210 933 7679', '', '', '', '57.00');
INSERT INTO `items` VALUES ('154', 'ΧΑΛΙΑΣΟΣ ΠΑΝΤΕΛΗΣ', 'Κλεώνων 48 , 111 42  Αθήνα  Αττικής', '3', '2015-10-02 19:59:12', '38.0247564', '23.7452585', '', '', '', '', '65.00');
INSERT INTO `items` VALUES ('155', 'ΣΙΟΜΠΟΛΑΣ ΕΥΑΓΓΕΛΟΣ', 'Αναξαγόρα 7 , 143 42  Νέα Φιλαδέλφεια  Αττικής', '3', '2015-10-02 19:59:12', '38.0511599', '23.7425705', '210 258 6939', '', '', '', '72.00');
INSERT INTO `items` VALUES ('156', 'ΜΑΥΡΙΚΗΣ ΠΑΝΑΓΙΩΤΗΣ', 'Λεωφόρος Βενιζέλου Ελευθέριου (Λεωφόρος Θησέως) 263 , 176 73  Καλλιθέα  Αττικής', '3', '2015-10-02 19:59:12', '37.9507024', '23.6930945', '', '', '', '', '70.00');
INSERT INTO `items` VALUES ('157', 'ΜΙΧΑΗΛ ΧΡΗΣΤ', 'Λεωφόρος Φυλής 85 , 134 51  Καματερό  Αττικής', '3', '2015-10-02 19:59:12', '38.0577357', '23.7136821', '210 231 2551', '', '', '', '25.00');
INSERT INTO `items` VALUES ('158', 'ΤΣΟΛΑΝΑΣ ΚΩΝΣΤΑΝΤΙΝΟΣ', 'Ευαγγελικής Σχολής 48 , 162 32  Βύρωνας  Αττικής', '3', '2015-10-02 19:59:12', '37.9600974', '23.7519597', '210 764 4172', '', '', '', '83.00');
INSERT INTO `items` VALUES ('159', 'ΤΣΟΥΝΗΣ ΠΑΝΑΓΙΩΤΗΣ', 'Νέας Εφέσου 10 , 162 31  Βύρωνας  Αττικής', '3', '2015-10-02 19:59:12', '37.9591265', '23.7578405', '210 765 4786', '', '', '', '84.00');
INSERT INTO `items` VALUES ('160', 'ΛΑΜΠΡΟΠΟΥΛΟΣ ΜΙΧΑΗΛ', 'Υψηλάντου Αλεξάνδρου 20 , 153 43  Αγία Παρασκευή  Αττικής', '3', '2015-10-02 19:59:12', '38.0138912', '23.8156102', '210 601 0020', '', '', '', '24.00');
INSERT INTO `items` VALUES ('161', 'ΓΑΡΔΕΝΙΑ', 'Λεωφόρος Βουλιαγμένης 160 , 172 35  Δάφνη  Αττικής', '4', '2015-10-02 19:59:12', '37.9537955', '23.7367187', '210 902 1055', '', '', '', '93.00');
INSERT INTO `items` VALUES ('162', 'ΚΙΝΗΜΑΤΟΓΡΑΦΙΚΗ ΚΑΤΑΣΚΕΥΑΣΤΙΚΗ Ε.Π.Ε.', 'Αγίας Μαρίνας 11 , 151 27  Μελίσσια  Αττικής', '4', '2015-10-02 19:59:12', '38.0517067', '23.8402911', '210 613 2655', '', '', '', '50.00');
INSERT INTO `items` VALUES ('163', 'ΜΑΡΓΑΡΙΤΑ CINEMA', 'Δουκίσσης Πλακεντίας 87 , 152 34  Χαλάνδρι  Αττικής', '4', '2015-10-02 19:59:12', '38.0228038', '23.8260723', '210 601 4284', '', '', '', '40.00');
INSERT INTO `items` VALUES ('164', 'ΑΝΔΟΡΑ', 'Σεβαστουπόλεως 117 , 115 26  Αθήνα  Αττικής', '4', '2015-10-02 19:59:12', '37.99291', '23.7682212', '210 698 0796', '', '', '', '25.00');
INSERT INTO `items` VALUES ('165', 'SEVEN FILMS', 'Βαλτετσίου 39 , 106 81  Αθήνα  Αττικής', '4', '2015-10-02 19:59:12', '37.9851877', '23.7359419', '210 381 8777', '', '', '', '35.00');
INSERT INTO `items` VALUES ('166', 'ΚΑΛΛΙΤΕΧΝΙΚΟΣ ΟΡΓΑΝΙΣΜΟΣ ΕΛΛΗΝΙΚΟΥ ΚΙΝΗΜΑΤΟΓΡΑΦΟΥ', 'Μαιζώνος 9 , 104 38  Αθήνα  Αττικής', '4', '2015-10-02 19:59:12', '37.9871518', '23.7255915', '210 524 5976', '', '', '', '99.00');
INSERT INTO `items` VALUES ('167', 'ΝΙΡΒΑΝΑ CINEMAX', 'Λεωφόρος Αλεξάνδρας 192 , 115 21  Αθήνα  Αττικής', '4', '2015-10-02 19:59:12', '37.9870007', '23.758278', '210 644 5221', '', '', '', '85.00');
INSERT INTO `items` VALUES ('168', 'ΝΕΑ ΜΑΣΚΩΤ - ΔΗΜΟΤΙΚΟΣ ΚΙΝΗΜΑΤΟΓΡΑΦΟΣ ΤΑΥΡΟΥ', 'Λεωφόρος Κωνσταντινουπόλεως 2 , 118 54  Αθήνα  Αττικής', '4', '2015-10-02 19:59:12', '37.9754546', '23.7062734', '210 345 9531', '', '', '', '83.00');
INSERT INTO `items` VALUES ('169', 'ΣΙΝΕ ΠΑΛΛΗΝΗ', 'Βενιζέλου Ελευθέριου 3 , 153 51  Παλλήνη  Αττικής', '4', '2015-10-02 19:59:12', '38.0029026', '23.8770285', '210 666 6284', '', '', '', '71.00');
INSERT INTO `items` VALUES ('170', 'VOX', 'Θεμιστοκλέους 82 , 106 81  Αθήνα  Αττικής', '4', '2015-10-02 19:59:12', '37.9866663', '23.7354978', '210 330 1170', '', '', '', '18.00');
INSERT INTO `items` VALUES ('171', 'ΑΚΤΗ REFRESH CINEMAS', 'Θησέως & Αιόλου , Πλαζ ς , 166 71  Βουλιαγμένη  Αττικής', '4', '2015-10-02 19:59:12', '37.9544889', '23.7000148', '210 896 1337', '', '', '', '19.00');
INSERT INTO `items` VALUES ('172', 'OSCAR', 'Αχαρνών 330 , 112 54  Αθήνα  Αττικής', '4', '2015-10-02 19:59:12', '38.0120025', '23.7290113', '210 223 4130', '', '', '', '57.00');
INSERT INTO `items` VALUES ('173', 'ΚΟΥΤΣΑΦΤΗΣ ΦΙΛΙΠΠ', 'Κεδρινού Γ. 8 , 114 75  Αθήνα  Αττικής', '4', '2015-10-02 19:59:12', '37.9915533', '23.7519359', '210 642 8902', '', '', '', '75.00');
INSERT INTO `items` VALUES ('174', 'ΔΑΝΑΟΣ', 'Λεωφόρος Κηφισίας 109 , 115 24  Αθήνα  Αττικής', '4', '2015-10-02 19:59:12', '37.9934974', '23.7667757', '210 692 2609', '', '', '', '38.00');
INSERT INTO `items` VALUES ('175', 'ΑΘΗΝΑΙΑ REFRESH CINEMAS', 'Χάριτος 50 , 106 76  Αθήνα  Αττικής', '4', '2015-10-02 19:59:12', '37.9789552', '23.7455828', '210 721 5717', '', '', '', '86.00');
INSERT INTO `items` VALUES ('176', 'ΑΙΓΛΗ', 'Λεωφόρος Πεντέλης 98 , 152 34  Χαλάνδρι  Αττικής', '4', '2015-10-02 19:59:12', '38.0294144', '23.8152649', '210 685 9965', '', '', '', '57.00');
INSERT INTO `items` VALUES ('177', 'ΒΟΤΑΝΙΚΟΣ', 'Ιερά Οδός 72 & Σπ. Πάτση , 104 47  Αθήνα  Αττικής', '4', '2015-10-02 19:59:12', '37.9821911', '23.7088218', '210 347 3835', '', 'http://www.votanikos.gr', '', '68.00');
INSERT INTO `items` VALUES ('178', 'ΟΜΑΛΟΣ', 'Πειραιώς 68 , 183 46  Μοσχάτο  Αττικής', '4', '2015-10-02 19:59:12', '37.9584891', '23.6852801', '210 562 1642', '', 'http://www.omalos.gr', '', '44.00');
INSERT INTO `items` VALUES ('179', 'ΡΕΜΠΕΤΙΚΟ Ο ΚΑΒΟΥΡΑΣ', 'Θεμιστοκλέους 64 , Εξάρχεια , 106 81   Αθήνα  Αττικής', '4', '2015-10-02 19:59:12', '37.9860069', '23.7341885', '210 381 0202', '', '', '', '84.00');
INSERT INTO `items` VALUES ('180', 'ENZZO DE CUBA', 'Αγίας Παρασκευής 70 , 121 32  Περιστέρι  Αττικής', '4', '2015-10-02 19:59:12', '38.0114123', '23.7066784', '210 578 2610', '', 'http://www.enzzodecuba.gr', '', '41.00');
INSERT INTO `items` VALUES ('181', 'ΣΤΟΑ ΑΘΑΝΑΤΩΝ - ΡΕΜΠΕΤΑΔΙΚΟ', 'Σοφοκλέους 19 , 105 52  Αθήνα  Αττικής', '4', '2015-10-02 19:59:12', '37.981254', '23.7260149', '210 321 4362', '', 'http://www.stoaathanaton-rempetika.gr', '', '22.00');
INSERT INTO `items` VALUES ('182', 'VINILIO CLUB', 'Λεωφόρος Ποσειδώνος 33 , 166 75  Γλυφάδα  Αττικής', '4', '2015-10-02 19:59:12', '37.8682502', '23.7411902', '210 968 1056', 'VINILIO CLUB', 'http://www.discovinilio.com', '', '72.00');
INSERT INTO `items` VALUES ('183', 'ΟΞΥΓΟΝΟ CLUB', 'Εθνάρχη Μακάριου 23 , 121 31  Περιστέρι  Αττικής', '4', '2015-10-02 19:59:12', '38.0054558', '23.6915065', '', '', '', '', '61.00');
INSERT INTO `items` VALUES ('184', 'ΤΖΙΒΑΕΡΙ', 'Φορμίωνος 131 , 161 21  Καισαριανή  Αττικής', '4', '2015-10-02 19:59:12', '37.9646794', '23.7568844', '210 760 1732', '', '', '', '20.00');
INSERT INTO `items` VALUES ('185', 'ΚΛΑΜΠ ΣΤΑ ΕΛΛΗΝΙΚΑ', 'Λεωφόρος Αντύπα Μαρίνου 23 , 163 45  Ηλιούπολη  Αττικής', '4', '2015-10-02 19:59:12', '37.9437373', '23.7486857', '210 976 1931', '', '', '', '57.00');
INSERT INTO `items` VALUES ('186', 'ΔΙΟΝΥΣΟΣ ΖΩΝΑΡΣ', 'Λεωφόρος Βουλιαγμένης 53 , 166 75  Γλυφάδα  Αττικής', '4', '2015-10-02 19:59:12', '37.8786622', '23.7550832', '210 341 7860', '', '', '', '5.00');
INSERT INTO `items` VALUES ('187', 'ΚΑΣΤΕΛΟΡΙΖΟ', 'Λεωφόρος Ποσειδώνος , 166 72  Βάρη  Αττικής', '4', '2015-10-02 19:59:12', '37.8111512', '23.799725', '210 965 5022', '', '', '', '12.00');
INSERT INTO `items` VALUES ('188', 'ΤΣΙΛΙΓΚΙΡΗ ΑΦΟΙ ΣΙΑ Ε.Ε.', 'Φραγκοπούλου 36 , 145 61  Κηφισιά  Αττικής', '4', '2015-10-02 19:59:12', '38.0782833', '23.7989523', '210 807 4104', '', '', '', '53.00');
INSERT INTO `items` VALUES ('189', 'NOBLE', 'Αρδηττού 38 , 116 36  Αθήνα  Αττικής', '4', '2015-10-02 19:59:12', '37.967905', '23.7367408', '210 362 7304', '', '', '', '48.00');
INSERT INTO `items` VALUES ('190', 'WISH CITY BAR', 'Κολοκοτρώνη Θεόδωρου 9 , 152 33  Χαλάνδρι  Αττικής', '4', '2015-10-02 19:59:12', '38.0229755', '23.7990048', '210 689 2352', '', '', '', '77.00');
INSERT INTO `items` VALUES ('191', 'CABARET', 'Πλουτάρχου & Πατριάρχη Ιωακείμ , 106 75  Αθήνα  Αττικής', '4', '2015-10-02 19:59:12', '37.9782276', '23.7449172', '210 724 6285', '', '', '', '85.00');
INSERT INTO `items` VALUES ('192', 'MIRROR', 'Λεωφόρος Βενιζέλου Ελευθέριου (τ. Λεωφόρος Θησέως) 163 , Α , 176 72  Καλλιθέα  Αττικής', '4', '2015-10-02 19:59:12', '37.955893', '23.7020975', '210 953 7440', '', '', '', '49.00');
INSERT INTO `items` VALUES ('193', 'ΚΑΜΠΙΤΑΚΗ ΑΙΚΑΤΕΡΙΝΗ & ΣΙΑ ΕΕ', 'Λεωφόρος Ποσειδώνος 26-28 , 176 74  Καλλιθέα  Αττικής', '4', '2015-10-02 19:59:12', '37.9418403', '23.6863991', '210 894 6760', '', '', '', '15.00');
INSERT INTO `items` VALUES ('194', 'ΝΤΑΡΑΛΑ ΑΕ', 'Δημητρακοπούλου Ν. 42 , 117 42  Αθήνα  Αττικής', '4', '2015-10-02 19:59:12', '37.9654433', '23.7259146', '210 922 2692', '', '', '', '73.00');
INSERT INTO `items` VALUES ('195', 'ΑΚΤΗ ΠΕΙΡΑΙΩΣ', 'Πειραιώς 1 , 177 78  Ταύρος  Αττικής', '4', '2015-10-02 19:59:12', '37.9676931', '23.6973801', '210 341 2521', '', '', '', '76.00');
INSERT INTO `items` VALUES ('228', 'ΑΛΕΞΑΝΔΡΟΣ', 'Πάτμος , 855 00  Δωδεκανήσου', '2', '2015-10-14 17:12:57', '36.29511', '28.1613193', '224 703 1820', '', '', '', '46.00');
INSERT INTO `items` VALUES ('229', 'ROMANTICA VILLAGE', 'Πάτμος , 855 00  Δωδεκανήσου', '2', '2015-10-14 17:12:57', '36.29511', '28.1613193', '224 703 2792', '', '', '', '13.00');
INSERT INTO `items` VALUES ('230', 'ΒΙΛΛΑ ΖΑΧΑΡΩ', 'Σκάλα , 855 00  Δωδεκανήσου', '2', '2015-10-14 17:13:25', '37.3221873', '26.5433618', '224 703 1529', '', 'http://www.villa-zacharo.gr', '', '94.00');
INSERT INTO `items` VALUES ('213', 'RODON HOTEL', 'Σκάλα , 855 00  Πάτμος  Δωδεκανήσου', '2', '2015-10-14 17:12:57', '37.3221873', '26.5433618', '224 703 1371', '', '', '', '60.00');
INSERT INTO `items` VALUES ('214', 'ΠΑΝΤΕΛΙΟΥ ΔΗΜ. & ΕΥΑΓΓ.', 'Πάτμος , 855 00  Δωδεκανήσου', '2', '2015-10-14 17:12:57', '36.29511', '28.1613193', '224 703 1532', '', '', '', '69.00');
INSERT INTO `items` VALUES ('215', 'PATMOS PARADISE', 'Κάμπος , 855 00  Πάτμος  Δωδεκανήσου', '2', '2015-10-14 17:12:57', '37.3533363', '26.5578519', '224 703 2624', '', '', '', '3.00');
INSERT INTO `items` VALUES ('216', 'ΒΙΛΛΑ ΚΑΣΑΝΔΡΑ', 'Σκάλα , 855 00  Δωδεκανήσου', '2', '2015-10-14 17:12:57', '37.3221873', '26.5433618', '224 703 1523', '', '', '', '73.00');
INSERT INTO `items` VALUES ('217', 'CHRIS HOTEL', 'Σκάλα , 855 00  Δωδεκανήσου', '2', '2015-10-14 17:12:57', '37.3221873', '26.5433618', '224 703 1403', '', '', '', '45.00');
INSERT INTO `items` VALUES ('218', 'ΝΤΑΝΑ ΑΝΝΑ', 'Πάτμος , 855 00  Δωδεκανήσου', '2', '2015-10-14 17:12:57', '36.29511', '28.1613193', '224 703 2382', '', '', '', '81.00');
INSERT INTO `items` VALUES ('219', 'ΡΕΞ', 'Σκάλα , 855 00  Δωδεκανήσου', '2', '2015-10-14 17:12:57', '37.3221873', '26.5433618', '224 703 1242', '', '', '', '39.00');
INSERT INTO `items` VALUES ('220', 'BLUE BAY HOTEL', 'Σκάλα , 855 00  Δωδεκανήσου', '2', '2015-10-14 17:12:57', '37.3221873', '26.5433618', '224 703 1165', '', '', '', '72.00');
INSERT INTO `items` VALUES ('221', 'PETRA HOTEL PATMOY', 'Πάτμος , 855 00  Δωδεκανήσου', '2', '2015-10-14 17:12:57', '36.29511', '28.1613193', '224 703 1035', '', '', '', '59.00');
INSERT INTO `items` VALUES ('222', 'XENIOS ZEUS APARTMENTS', 'Γροικος , 855 00  Πάτμος  Δωδεκανήσου', '2', '2015-10-14 17:12:57', '37.3039231', '26.5624714', '224 703 1294', '', '', '', '9.00');
INSERT INTO `items` VALUES ('223', 'ΗΛΙΟΒΑΣΙΛΕΜΑ', 'Σκάλα , 855 00  Δωδεκανήσου', '2', '2015-10-14 17:12:57', '37.3221873', '26.5433618', '224 703 2796', '', '', '', '73.00');
INSERT INTO `items` VALUES ('224', 'BLUE BAY HOTEL', 'Σκάλα , 855 00  Δωδεκανήσου', '2', '2015-10-14 17:12:57', '37.3221873', '26.5433618', '224 703 1165', '', '', '', '11.00');
INSERT INTO `items` VALUES ('225', 'GRIKOS HOTEL AND APARTMENTS', 'Πάτμος , 855 00  Δωδεκανήσου', '2', '2015-10-14 17:12:57', '36.29511', '28.1613193', '224 703 1167', '', '', '', '24.00');
INSERT INTO `items` VALUES ('226', 'ΓΡΥΛΛΗΣ Θ ΔΗΜΗΤΡΙΟΣ', 'Σκάλα , 855 00  Δωδεκανήσου', '2', '2015-10-14 17:12:57', '37.3221873', '26.5433618', '224 703 2538', '', '', '', '35.00');
INSERT INTO `items` VALUES ('227', 'ΤΟΜΑΗΣ Α. ΝΙΚΟΛΑΟΣ', 'Πάτμος , 855 00  Δωδεκανήσου', '2', '2015-10-14 17:12:57', '36.29511', '28.1613193', '224 703 4077', '', '', '', '100.00');
INSERT INTO `items` VALUES ('231', 'ΑΣΤΕΡΙ HOTEL', 'Σκάλα , 855 00  Δωδεκανήσου', '2', '2015-10-14 17:13:25', '37.3221873', '26.5433618', '224 703 2465', '', 'http://www.asteripatmos.gr', '', '68.00');
INSERT INTO `items` VALUES ('232', 'HELLINS HOTEL', 'Σκάλα Πάτμος , 855 00  Σκάλα  Δωδεκανήσου', '2', '2015-10-14 17:13:25', '37.3221873', '26.5433618', '224 703 1275', '', 'http://www.hotelhellinispatmos.gr', '', '88.00');
INSERT INTO `items` VALUES ('233', 'HOTEL ASTERI', 'Σκάλα , 855 00  Πάτμος  Δωδεκανήσου', '2', '2015-10-14 17:13:25', '37.3221873', '26.5433618', '224 703 2465', '', 'http://www.asteripatmos.gr', '', '46.00');
INSERT INTO `items` VALUES ('234', 'ΕΝΑΛΙΟΝ', 'Κάμπος , 855 00  Πάτμος  Δωδεκανήσου', '2', '2015-10-14 17:13:25', '37.3533363', '26.5578519', '224 703 2395', '', '', '', '71.00');
INSERT INTO `items` VALUES ('235', 'MARIA HOTEL', 'Σκάλα Πάτμος 85500 , 855 00  Σκάλα  Δωδεκανήσου', '2', '2015-10-14 17:13:25', '37.3221873', '26.5433618', '224 703 1201', '', '', '', '73.00');
INSERT INTO `items` VALUES ('236', 'ΑΛΕΞΑΝΔΡΟΣ', 'Πάτμος , 855 00  Δωδεκανήσου', '2', '2015-10-14 17:13:25', '36.29511', '28.1613193', '224 703 1820', '', '', '', '96.00');
INSERT INTO `items` VALUES ('237', 'GOLDEN SUN HOTEL', 'Γροικος , 855 00  Πάτμος  Δωδεκανήσου', '2', '2015-10-14 17:13:25', '37.3039231', '26.5624714', '224 703 2318', '', '', '', '97.00');
INSERT INTO `items` VALUES ('238', 'ΜΙΧΕΛΗΣ Μ ΔΗΜΗΤΡΙΟΣ', 'Πάτμος , 855 00  Δωδεκανήσου', '2', '2015-10-14 17:13:25', '36.29511', '28.1613193', '224 703 1689', '', '', '', '100.00');
INSERT INTO `items` VALUES ('239', 'BLUE BAY HOTEL', 'Σκάλα , 855 00  Δωδεκανήσου', '2', '2015-10-14 17:13:25', '37.3221873', '26.5433618', '224 703 1165', '', '', '', '62.00');
INSERT INTO `items` VALUES ('240', 'ΑΝΩΝΥΜΗ ΕΤΑΙΡΕΙΑ ΞΕΝΟΔΟΧΕΙΑΚΗ & ΤΟΥΡΙΣΤΙΚΗ ΕΠΙΧΕΙΡΗΣΗ ΠΟΡΤΟ ΣΚΑΛΑ ΑΕ', 'Σκάλα , 855 00  Δωδεκανήσου', '2', '2015-10-14 17:13:25', '37.3221873', '26.5433618', '224 703 1943', '', '', '', '80.00');
INSERT INTO `items` VALUES ('241', 'PATMOS PARADISE HOTEL', 'Κάμπος , 855 00  Δωδεκανήσου', '2', '2015-10-14 17:13:25', '39.3713518', '21.915907', '210 422 4112', '', '', '', '86.00');
INSERT INTO `items` VALUES ('242', 'CHRIS HOTEL', 'Σκάλα , 855 00  Δωδεκανήσου', '2', '2015-10-14 17:13:25', '37.3221873', '26.5433618', '224 703 1001', '', '', '', '67.00');
INSERT INTO `items` VALUES ('243', 'PETRA HOTEL', 'Πάτμος , 855 00  Δωδεκανήσου', '2', '2015-10-14 17:13:25', '36.29511', '28.1613193', '224 703 4020', '', '', '', '33.00');
INSERT INTO `items` VALUES ('244', 'ΓΡΥΛΛΗΣ Θ ΔΗΜΗΤΡΙΟΣ', 'Σκάλα , 855 00  Δωδεκανήσου', '2', '2015-10-14 17:13:25', '37.3221873', '26.5433618', '224 703 2538', '', '', '', '99.00');
INSERT INTO `items` VALUES ('245', 'RODON HOTEL', 'Σκάλα , 855 00  Πάτμος  Δωδεκανήσου', '2', '2015-10-14 17:13:25', '37.3221873', '26.5433618', '224 703 1371', '', '', '', '86.00');
INSERT INTO `items` VALUES ('246', 'CHRIS HOTEL', 'Σκάλα , 855 00  Δωδεκανήσου', '2', '2015-10-14 17:13:25', '37.3221873', '26.5433618', '224 703 1403', '', '', '', '4.00');
INSERT INTO `items` VALUES ('247', 'AUSTRALIS HOTEL', 'Σκάλα , 855 00  Δωδεκανήσου', '2', '2015-10-14 17:13:25', '37.3221873', '26.5433618', '224 703 2284', '', '', '', '31.00');
INSERT INTO `items` VALUES ('248', 'ΝΕΦΕΛΗ', 'Πάτμος , 855 00  Δωδεκανήσου', '2', '2015-10-14 17:14:22', '36.29511', '28.1613193', '224 703 3191', '', '', '', '63.00');
INSERT INTO `items` VALUES ('249', 'PORTO MERICA', 'Σκάλα , 855 00  Πάτμος  Δωδεκανήσου', '2', '2015-10-14 17:14:22', '37.3221873', '26.5433618', '224 703 3013', '', '', '', '20.00');
INSERT INTO `items` VALUES ('250', 'ΑΛΕΞΑΝΔΡΟΣ', 'Πάτμος , 855 00  Δωδεκανήσου', '2', '2015-10-14 17:14:22', '36.29511', '28.1613193', '224 703 1820', '', '', '', '95.00');
INSERT INTO `items` VALUES ('251', 'CHRIS HOTEL', 'Σκάλα , 855 00  Δωδεκανήσου', '2', '2015-10-14 17:14:22', '37.3221873', '26.5433618', '224 703 1001', '', '', '', '54.00');
INSERT INTO `items` VALUES ('252', 'ΑΘΗΝΑ', 'Γροικος , 855 00  Πάτμος  Δωδεκανήσου', '2', '2015-10-14 17:14:22', '37.3039231', '26.5624714', '224 703 1859', '', '', '', '30.00');
INSERT INTO `items` VALUES ('253', 'ΡΕΞ', 'Σκάλα , 855 00  Δωδεκανήσου', '2', '2015-10-14 17:14:22', '37.3221873', '26.5433618', '224 703 1242', '', '', '', '57.00');
INSERT INTO `items` VALUES ('254', 'PORTO SCOUTARI', 'Πάτμος , 855 00  Δωδεκανήσου', '2', '2015-10-14 17:14:22', '36.29511', '28.1613193', '224 703 4074', '', '', '', '77.00');
INSERT INTO `items` VALUES ('255', 'ΑΠΟΛΑΥΣΙΣ STUDIOS', 'Πάτμος , 855 00  Δωδεκανήσου', '2', '2015-10-14 17:14:22', '36.29511', '28.1613193', '224 703 2094', '', '', '', '49.00');
INSERT INTO `items` VALUES ('256', 'PETRA HOTEL', 'Πάτμος , 855 00  Δωδεκανήσου', '2', '2015-10-14 17:14:22', '36.29511', '28.1613193', '224 703 4020', '', '', '', '10.00');
INSERT INTO `items` VALUES ('257', 'ΗΛΙΟΒΑΣΙΛΕΜΑ', 'Σκάλα , 855 00  Δωδεκανήσου', '2', '2015-10-14 17:14:22', '37.3221873', '26.5433618', '224 703 2796', '', '', '', '21.00');
INSERT INTO `items` VALUES ('258', 'AUSTRALIS', 'Σκάλα , 855 00  Δωδεκανήσου', '2', '2015-10-14 17:14:22', '37.3221873', '26.5433618', '224 703 1576', '', '', '', '34.00');
INSERT INTO `items` VALUES ('259', 'ROMEOS HOTEL', 'Σκάλα , 855 00  Δωδεκανήσου', '2', '2015-10-14 17:14:22', '37.3221873', '26.5433618', '224 703 1962', '', '', '', '12.00');
INSERT INTO `items` VALUES ('260', 'KASTELI', 'Πάτμος , 855 00  Δωδεκανήσου', '2', '2015-10-14 17:14:22', '36.29511', '28.1613193', '224 703 1656', '', '', '', '62.00');
INSERT INTO `items` VALUES ('261', 'PATMOS PARADISE HOTEL', 'Κάμπος , 855 00  Δωδεκανήσου', '2', '2015-10-14 17:14:22', '39.3713518', '21.915907', '210 422 4112', '', '', '', '83.00');
INSERT INTO `items` VALUES ('262', 'ΤΟΜΑΗΣ Α. ΝΙΚΟΛΑΟΣ', 'Πάτμος , 855 00  Δωδεκανήσου', '2', '2015-10-14 17:14:22', '36.29511', '28.1613193', '224 703 4077', '', '', '', '97.00');
INSERT INTO `items` VALUES ('263', 'ΑΝΤΩΝΟΠΟΥΛΟΣ ΝΙΚΟΛΑΟΣ', 'Σκάλα , 855 00  Δωδεκανήσου', '2', '2015-10-14 17:14:22', '37.3221873', '26.5433618', '224 703 1357', '', '', '', '90.00');
INSERT INTO `items` VALUES ('264', 'MARIA HOTEL', 'Σκάλα Πάτμος 85500 , 855 00  Σκάλα  Δωδεκανήσου', '2', '2015-10-14 17:14:22', '37.3221873', '26.5433618', '224 703 1201', '', '', '', '97.00');
INSERT INTO `items` VALUES ('265', 'ΒΥΖΑΝΤΙΟ', 'Σκάλα , 855 00  Δωδεκανήσου', '2', '2015-10-14 17:14:49', '37.3221873', '26.5433618', '224 703 1052', '', '', '', '65.00');
INSERT INTO `items` VALUES ('266', 'ΑΝΩΝΥΜΗ ΕΤΑΙΡΕΙΑ ΞΕΝΟΔΟΧΕΙΑΚΗ & ΤΟΥΡΙΣΤΙΚΗ ΕΠΙΧΕΙΡΗΣΗ ΠΟΡΤΟ ΣΚΑΛΑ ΑΕ', 'Σκάλα , 855 00  Δωδεκανήσου', '2', '2015-10-14 17:14:49', '37.3221873', '26.5433618', '224 703 1943', '', '', '', '54.00');
INSERT INTO `items` VALUES ('267', 'PETRA HOTEL PATMOY', 'Πάτμος , 855 00  Δωδεκανήσου', '2', '2015-10-14 17:14:49', '36.29511', '28.1613193', '224 703 1035', '', '', '', '81.00');
INSERT INTO `items` VALUES ('268', 'ΓΡΥΛΛΗ ΦΩΤΕΙΝΗ', 'Σκάλα , 855 00  Δωδεκανήσου', '2', '2015-10-14 17:14:49', '37.3221873', '26.5433618', '224 703 2364', '', '', '', '72.00');
INSERT INTO `items` VALUES ('269', 'DORIZA BAY', 'Σκάλα , 855 00  Δωδεκανήσου', '2', '2015-10-14 17:14:49', '37.3221873', '26.5433618', '224 703 3123', '', '', '', '39.00');
INSERT INTO `items` VALUES ('270', 'ΜΑΓΟΣ ΤΗΣ ΓΕΥΣΗΣ', 'ΣΚΑΛΑ , 855 00  Σκάλα  Δωδεκανήσου', '1', '2015-10-14 17:16:53', '37.3221873', '26.5433618', '224 703 1061', '', '', '', '39.00');
INSERT INTO `items` VALUES ('271', 'ΤΟΤΣΙΠΟΥΡΑΔΙΚΟ ΜΑΣ', 'Σκάλα , 855 00  Δωδεκανήσου', '1', '2015-10-14 17:16:53', '37.3221873', '26.5433618', '224 703 3232', '', '', '', '32.00');
INSERT INTO `items` VALUES ('272', 'ΒΕΓΓΕΡΑ ΕΣΤΙΑΤΟΡΙΟ', 'ΣΚΑΛΑ , 855 00  Σκάλα  Δωδεκανήσου', '1', '2015-10-14 17:16:53', '37.3221873', '26.5433618', '224 703 2988', '', '', '', '98.00');
INSERT INTO `items` VALUES ('273', 'ΠΥΡΟΦΑΝΙ', 'Σκάλα , 855 00  Δωδεκανήσου', '1', '2015-10-14 17:16:53', '37.3221873', '26.5433618', '224 703 1539', '', '', '', '27.00');
INSERT INTO `items` VALUES ('274', 'ΠΑΝΑΓΟΣ', 'Κάμπος , 855 00  Δωδεκανήσου', '1', '2015-10-14 17:16:53', '39.3713518', '21.915907', '224 703 1570', '', '', '', '34.00');
INSERT INTO `items` VALUES ('275', 'ΤΖΙΒΑΕΡΙ', 'Σκάλα , 855 00  Δωδεκανήσου', '1', '2015-10-14 17:16:53', '37.3221873', '26.5433618', '224 703 1170', '', '', '', '38.00');
INSERT INTO `items` VALUES ('276', 'ΛΟΖΑ', 'Πάτμος , 855 00  Δωδεκανήσου', '1', '2015-10-14 17:16:53', '36.29511', '28.1613193', '224 703 2405', '', '', '', '35.00');
INSERT INTO `items` VALUES ('277', 'ΚΕΛΑΡΙ', 'ΣΚΑΛΑ , 855 00  Σκάλα  Δωδεκανήσου', '1', '2015-10-14 17:16:53', '37.3221873', '26.5433618', '224 703 2610', '', '', '', '100.00');
INSERT INTO `items` VALUES ('278', 'ΛΑΜΠΗ', 'Πάτμος , 855 00  Δωδεκανήσου', '1', '2015-10-14 17:16:53', '36.29511', '28.1613193', '224 703 1490', '', '', '', '76.00');
INSERT INTO `items` VALUES ('279', 'PANTELIS', 'Σκάλα , 855 00  Δωδεκανήσου', '1', '2015-10-14 17:16:53', '37.3221873', '26.5433618', '', '', '', '', '47.00');
INSERT INTO `items` VALUES ('280', 'ΤΣΟΧΑΛΗ Θ ΔΕΣΠΟΙΝΑ', 'Σκάλα , 855 00  Δωδεκανήσου', '1', '2015-10-14 17:16:53', '37.3221873', '26.5433618', '224 703 1845', '', '', '', '90.00');
INSERT INTO `items` VALUES ('281', 'ΚΕΦΑΛΑ ΑΘΗΝΑ', 'Γροικος , 855 00  Πάτμος  Δωδεκανήσου', '1', '2015-10-14 17:16:53', '37.3039231', '26.5624714', '224 703 1302', '', '', '', '82.00');
INSERT INTO `items` VALUES ('282', 'ΚΕΦΑΛΑ ΑΘΗΝΑ', 'Γροικος , 855 00  Πάτμος  Δωδεκανήσου', '1', '2015-10-14 17:17:21', '37.3039231', '26.5624714', '224 703 1302', '', '', '', '48.00');
INSERT INTO `items` VALUES ('283', 'ΕΣΤΙΑΤΟΡΙΟ ΓΡΗΓΟΡΗΣ', 'Σκάλα , 855 00  Δωδεκανήσου', '1', '2015-10-14 17:17:21', '37.3221873', '26.5433618', '224 703 1515', '', '', '', '56.00');
INSERT INTO `items` VALUES ('284', 'ΠΑΝΑΓΟΣ', 'Κάμπος , 855 00  Δωδεκανήσου', '1', '2015-10-14 17:17:21', '39.3713518', '21.915907', '224 703 1570', '', '', '', '25.00');
INSERT INTO `items` VALUES ('285', 'ΜΑΣΤΡΟΠΕΤΡΟΣ Ι ΓΕΩΡΓΙΟΣ', 'Πάτμος , 855 00  Δωδεκανήσου', '1', '2015-10-14 17:17:21', '36.29511', '28.1613193', '224 703 2240', '', '', '', '43.00');
INSERT INTO `items` VALUES ('286', 'PANTELIS', 'Σκάλα , 855 00  Δωδεκανήσου', '1', '2015-10-14 17:17:21', '37.3221873', '26.5433618', '', '', '', '', '84.00');
INSERT INTO `items` VALUES ('287', 'ΓΟΡΓΟΝΕΣ', 'Σκάλα , 855 00  Δωδεκανήσου', '1', '2015-10-14 17:17:21', '37.3221873', '26.5433618', '224 703 2055', '', '', '', '12.00');
INSERT INTO `items` VALUES ('288', 'ΡΑΔΙΟΤΑΞΙ ΠΑΤΜΟΥ', 'Σκάλα , 855 00  Δωδεκανήσου', '3', '2015-10-14 17:18:44', '37.3221873', '26.5433618', '224 703 1225', '', '', '', '47.00');
INSERT INTO `items` VALUES ('289', 'ΓΡΥΛΛΗΣ Β ΝΙΚΟΛΑΟΣ', 'Πάτμος , 855 00  Δωδεκανήσου', '3', '2015-10-14 17:18:44', '36.29511', '28.1613193', '224 703 2216', '', '', '', '6.00');
INSERT INTO `items` VALUES ('305', 'TOPO LAVORO', 'Σκάλα , 855 00  Δωδεκανήσου', '4', '2015-10-14 18:27:36', '37.3221873', '26.5433618', '224 703 3332', '', '', '', '55.00');
INSERT INTO `items` VALUES ('306', ' Άγιος Θεολόγος Beach Bar', 'Σκάλα , 855 00  Δωδεκανήσου', '4', '2015-10-14 18:27:36', '37.3221873', '26.5433618', '224 703 3092', 'Η παραλία Άγιος Θεολόγος στην Πάτμο είναι μια συμπαθητική παραλία μέσα στον κόλπο του λιμανιού της Π', '', '', '39.00');
INSERT INTO `items` VALUES ('307', 'Παραλία Άγριο Λιβάδι Beach Bar', 'Σκάλα , 855 00  Δωδεκανήσου', '4', '2015-10-14 18:27:36', '37.3221873', '26.5433618', '224 703 1539', 'Μια κλασική αιγαιοπελαγίτικη παραλία όπως αυτές που θα συναντήσετε στα περισσότερα νησιά των Κυκλάδων. Στο Άγριο Λιβάδι υπάρχει περίπτερο, beach bar και ταβέρνα. Η παραλία μαζί με την Ψιλή Άμμο είναι οι καλύτερες αμμουδιές της Πάτμου.', '', '', '31.00');
INSERT INTO `items` VALUES ('308', 'Άσπρη Beach Bar', 'Πάτμος , 855 00  Δωδεκανήσου', '4', '2015-10-14 18:27:36', '36.29511', '28.1613193', '224 703 1658', 'Η παραλία Άσπρη είναι ένας μικρός απομονωμένος κόλπος πολύ κοντά στην Σκάλα, πριν από την Μελόι. Μεγάλα Αλμυρίκια βρίσκονται σε όλο το μήκος της παραλίας για την απαραίτητη σκιά.', '', '', '8.00');
INSERT INTO `items` VALUES ('309', 'Παραλία Γροίκος Beach Bar\r\n', 'Σκάλα , 855 00  Δωδεκανήσου', '4', '2015-10-14 18:27:36', '37.3221873', '26.5433618', '224 703 3050', 'Η παραλία του Γροίκου είναι η παραλία στον κόλπο του ομώνυμου οικισμού Γροίκος της Πάτμου. Φιλόξενη ατμόσφαιρα, πεντακάθαρα νερά και πολλά μαγαζιά για να απολαύσετε δίπλα στην θάλασσα το ποτό, το φαγητό ή τον καφέ σας.', '', '', '3.00');
INSERT INTO `items` VALUES ('319', 'ΚΟΥΚΟΥΜΑΒΛΑ', 'Σκάλα , 855 00  Δωδεκανήσου', '4', '2015-10-14 18:27:36', '37.3221873', '26.5433618', '224 703 3174', '', '', '', '62.00');
INSERT INTO `items` VALUES ('320', 'GENESIS', 'Σκάλα , 855 00  Δωδεκανήσου', '4', '2015-10-14 18:27:36', '37.3221873', '26.5433618', '224 703 2365', '', '', '', '22.00');
INSERT INTO `items` VALUES ('310', 'Παραλία Κάμπος Beach Bar', 'Πάτμος , 855 00  Δωδεκανήσου', '4', '2015-10-14 18:27:36', '36.29511', '28.1613193', '224 703 1895', 'Η παραλία βρίσκεται αμέσως μετά το χωριό Κάμπος στην περιοχή που ονομάζεται και Κάτω Κάμπος. Στην παραλία Κάμπος θα βρείτε να ενοικιάσετε ξαπλώστρες και ομπρέλες, ενώ υπάρχουν θαλάσσια ποδήλατα και κανό.', '', '', '85.00');
INSERT INTO `items` VALUES ('311', 'Παραλία Λάμπη Beach Bar', 'ΣΚΑΛΑ , 855 00  Σκάλα  Δωδεκανήσου', '4', '2015-10-14 18:27:36', '37.3221873', '26.5433618', '224 703 1842', 'Η παραλία Λάμπη της Πάτμου βρίσκετε στο βόρειο μέρος και απέχει 9,5 χιλιόμετρα από το κέντρο του νησιού. Είναι μια παραλία που είναι γνωστή για τα πανέμορφα και ξεχωριστά βότσαλα της. Ενώ πολύχρωμα, με ενδιαφέροντες σχηματισμούς από την διάβρωση, είναι και τα βράχια στην δεξιά της πλευρά. ', '', '', '51.00');
INSERT INTO `items` VALUES ('312', 'Παραλία Λεύκες\r\n', 'Πάτμος , 855 00  Δωδεκανήσου', '4', '2015-10-14 18:27:36', '36.29511', '28.1613193', '224 703 2405', 'Μια όχι τόσο γνωστή παραλία της Πάτμου. Την παραλία Λεύκες θα την βρείτε στρίβοντας αριστερά λίγο πριν τον Κάμπο. Ο δρόμος που είναι άσφαλτος μέχρι ένα σημείο, φτάνει μέχρι την παραλία αλλά χωματόδρομος.', '', '', '56.00');
INSERT INTO `items` VALUES ('313', 'Παραλία Λιβάδι Καλογήρων Beach Bar', 'Κάμπος , 855 00  Δωδεκανήσου', '4', '2015-10-14 18:27:36', '39.3713518', '21.915907', '224 703 1881', 'Μικρή απόμερη παραλία με βότσαλο. Το λιβάδι των καλογήρων το βρίσκετε ακολουθώντας την αριστερή διασταύρωση στο χωριό Κάμπος. Περιβόλια και καλλιέργειες σας περιμένουν στο τέλος της διαδρομής και μια μικρή καντίνα για τα απαραίτητα.', '', '', '32.00');
INSERT INTO `items` VALUES ('314', 'Παραλία Ψιλή Άμμος\r\n', 'Σκάλα , 855 00  Δωδεκανήσου', '4', '2015-10-14 18:27:36', '37.3221873', '26.5433618', '224 703 1422', 'Κάθε νησί του Αιγαίου διαθέτει και μια τουλάχιστον παραλία που λέγεται έτσι. Ψιλή άμμος ή χρυσή άμμος το ίδιο είναι. Ψιλή άμμος και στη Πάτμο λοιπόν. Υπέροχη αμμουδιά, αλλά η πρόσβαση γίνεται εύκολα μόνο με καραβάκι από την Σκάλα.', '', '', '37.00');
INSERT INTO `items` VALUES ('315', 'Παραλία Βαγιά\r\n', 'Σκάλα , 855 00  Δωδεκανήσου', '4', '2015-10-14 18:27:36', '37.3221873', '26.5433618', '224 703 1595', 'Η παραλία Βαγιά είναι παραλία με βότσαλα και παγωμένα νερά. Βρίσκετε στο βόρειο ανατολικό τμήμα της Πάτμου και απέχει 7 χιλιόμετρα από την Σκάλα το κέντρο του νησιού, αμέσως μετά από την παραλία του Κάμπου.', '', '', '46.00');
INSERT INTO `items` VALUES ('316', 'Δίδυμες Παραλίες Beach Bar', 'Σκάλα , 855 00  Δωδεκανήσου', '4', '2015-10-14 18:27:36', '37.3221873', '26.5433618', '224 703 1839', 'Οι δίδυμες παραλίες όπως λέει και το όνομα τους, είναι δύο παραλίες που τις ονόμασαν έτσι γιατί είναι δίπλα-δίπλα σε δύο πανομοιότυπους ορμίσκους. Στις Δίδυμες παραλίες θα σας οδηγήσει ένας χωματόδρομος και λίγο περπάτημα αμέσως μετά την Βαγιά.', '', '', '57.00');
INSERT INTO `items` VALUES ('317', 'Παραλία Διακόφτι Beach Bar', 'Πάτμος , 855 00  Δωδεκανήσου', '4', '2015-10-14 18:27:36', '36.29511', '28.1613193', '224 703 1266', 'Η περιοχή Διακόφτι της Πάτμου είναι από τα πιο ωραία σημεία του νησιού. Σε αυτή την περιοχή υπάρχει το πιο στενό σημείο της Πάτμου, γύρω στα 200 μέτρα. Μερικές εκατοντάδες μέτρα πριν, υπάρχει η περιοχή της Πέτρας, ενώ από εδώ θα πάρετε το μονοπάτι που οδηγεί στην Ψιλή Άμμο.', '', '', '17.00');
INSERT INTO `items` VALUES ('318', 'Παραλία Αγία Θεοφανώ Beach Bar', 'Σκάλα , 855 00  Δωδεκανήσου', '4', '2015-10-14 18:27:36', '37.3221873', '26.5433618', '224 703 2443', 'Λίγο μετά την Σκάλα στον δρόμο προς τον Γροίκο στην περιοχή Αγία Θεοφανώ, θα δείτε δίπλα-διπλα τα πανέμορφα εκκλησάκια του Αγίου Ανδρέα και του Χριστού. Θα τα ξεχωρίσετε από το χαρακτηριστικό καμπαναριό. Ακριβώς δίπλα στον μαντρότοιχο αριστερά από τα δύο εκκλησάκια, ξεκινάει ένα μονοπατάκι μερικών μέτρων που οδηγεί στην θάλασσα.', '', '', '28.00');

-- ----------------------------
-- Table structure for item_categories
-- ----------------------------
DROP TABLE IF EXISTS `item_categories`;
CREATE TABLE `item_categories` (
  `id` int(11) NOT NULL AUTO_INCREMENT,
  `name` varchar(255) DEFAULT NULL,
  `parent_category` int(11) DEFAULT NULL,
  PRIMARY KEY (`id`)
) ENGINE=InnoDB AUTO_INCREMENT=24 DEFAULT CHARSET=utf8;

-- ----------------------------
-- Records of item_categories
-- ----------------------------
INSERT INTO `item_categories` VALUES ('1', 'Villa', '2');
INSERT INTO `item_categories` VALUES ('2', 'Hotel', '2');
INSERT INTO `item_categories` VALUES ('3', 'Hostel', '2');
INSERT INTO `item_categories` VALUES ('4', 'Appartment', '2');
INSERT INTO `item_categories` VALUES ('5', 'House', '2');
INSERT INTO `item_categories` VALUES ('6', 'Woodhouse', '2');
INSERT INTO `item_categories` VALUES ('7', 'Ethnic', '1');
INSERT INTO `item_categories` VALUES ('8', 'Fast Food', '1');
INSERT INTO `item_categories` VALUES ('9', 'Dining', '1');
INSERT INTO `item_categories` VALUES ('10', 'Barbecue', '1');
INSERT INTO `item_categories` VALUES ('11', 'Brasserie', '1');
INSERT INTO `item_categories` VALUES ('12', 'Buffet', '1');
INSERT INTO `item_categories` VALUES ('13', 'Cafe', '1');
INSERT INTO `item_categories` VALUES ('14', 'Tabletop cooking', '1');
INSERT INTO `item_categories` VALUES ('15', 'Pub', '1');
INSERT INTO `item_categories` VALUES ('16', 'Taxi', '3');
INSERT INTO `item_categories` VALUES ('17', 'Public transportation', '3');
INSERT INTO `item_categories` VALUES ('18', 'Shuttle Bus', '3');
INSERT INTO `item_categories` VALUES ('19', 'Cinema', '4');
INSERT INTO `item_categories` VALUES ('20', 'Beach', '4');
INSERT INTO `item_categories` VALUES ('21', 'Watesports', '4');
INSERT INTO `item_categories` VALUES ('22', 'Theater', '4');
INSERT INTO `item_categories` VALUES ('23', 'Paraglide', '4');

-- ----------------------------
-- Table structure for item_featured
-- ----------------------------
DROP TABLE IF EXISTS `item_featured`;
CREATE TABLE `item_featured` (
  `id` int(11) NOT NULL AUTO_INCREMENT,
  `item_id` int(11) DEFAULT NULL,
  `item_status` tinyint(1) DEFAULT NULL,
  `place_id` int(11) DEFAULT NULL,
  PRIMARY KEY (`id`)
) ENGINE=InnoDB AUTO_INCREMENT=9 DEFAULT CHARSET=utf8;

-- ----------------------------
-- Records of item_featured
-- ----------------------------
INSERT INTO `item_featured` VALUES ('1', '58', '1', '2');
INSERT INTO `item_featured` VALUES ('2', '65', '1', '2');
INSERT INTO `item_featured` VALUES ('3', '97', '1', '2');
INSERT INTO `item_featured` VALUES ('4', '182', '1', '2');
INSERT INTO `item_featured` VALUES ('5', '320', '1', '1');
INSERT INTO `item_featured` VALUES ('6', '270', '1', '1');
INSERT INTO `item_featured` VALUES ('7', '259', '1', '1');
INSERT INTO `item_featured` VALUES ('8', '255', '1', '1');

-- ----------------------------
-- Table structure for item_images
-- ----------------------------
DROP TABLE IF EXISTS `item_images`;
CREATE TABLE `item_images` (
  `id` int(11) NOT NULL AUTO_INCREMENT,
  `item_id` int(11) DEFAULT NULL,
  `image` varchar(100) DEFAULT NULL,
  PRIMARY KEY (`id`)
) ENGINE=InnoDB AUTO_INCREMENT=258 DEFAULT CHARSET=utf8;

-- ----------------------------
-- Records of item_images
-- ----------------------------
INSERT INTO `item_images` VALUES ('3', '58', 'bar1.jpg');
INSERT INTO `item_images` VALUES ('4', '59', 'bar2.jpg');
INSERT INTO `item_images` VALUES ('5', '60', 'bar3.jpg');
INSERT INTO `item_images` VALUES ('6', '61', 'bar4.jpg');
INSERT INTO `item_images` VALUES ('7', '62', 'bar5.jpg');
INSERT INTO `item_images` VALUES ('8', '63', 'bar6.jpg');
INSERT INTO `item_images` VALUES ('9', '64', 'bar7.jpg');
INSERT INTO `item_images` VALUES ('10', '65', 'bar8.jpg');
INSERT INTO `item_images` VALUES ('11', '66', 'bar9.jpg');
INSERT INTO `item_images` VALUES ('12', '67', 'bar10.jpg');
INSERT INTO `item_images` VALUES ('13', '68', 'bar11.jpg');
INSERT INTO `item_images` VALUES ('14', '69', 'bar12.jpg');
INSERT INTO `item_images` VALUES ('15', '70', 'bar13.jpg');
INSERT INTO `item_images` VALUES ('16', '71', 'bar14.jpg');
INSERT INTO `item_images` VALUES ('17', '72', 'bar15.jpg');
INSERT INTO `item_images` VALUES ('18', '73', 'bar16.jpg');
INSERT INTO `item_images` VALUES ('19', '74', 'bar17.jpg');
INSERT INTO `item_images` VALUES ('20', '75', 'bar18.jpg');
INSERT INTO `item_images` VALUES ('21', '76', 'bar19.jpg');
INSERT INTO `item_images` VALUES ('22', '77', 'bar20.jpg');
INSERT INTO `item_images` VALUES ('23', '78', 'bar21.jpg');
INSERT INTO `item_images` VALUES ('24', '79', 'bar23.jpg');
INSERT INTO `item_images` VALUES ('25', '80', 'bar25.jpg');
INSERT INTO `item_images` VALUES ('26', '81', 'bar1.jpg');
INSERT INTO `item_images` VALUES ('27', '82', 'bar2.jpg');
INSERT INTO `item_images` VALUES ('28', '83', 'bar3.jpg');
INSERT INTO `item_images` VALUES ('29', '84', 'bar4.jpg');
INSERT INTO `item_images` VALUES ('30', '85', 'bar5.jpg');
INSERT INTO `item_images` VALUES ('31', '86', 'bar6.jpg');
INSERT INTO `item_images` VALUES ('32', '87', 'bar7.jpg');
INSERT INTO `item_images` VALUES ('33', '88', 'bar8.jpg');
INSERT INTO `item_images` VALUES ('34', '89', 'bar9.jpg');
INSERT INTO `item_images` VALUES ('35', '90', 'bar10.jpg');
INSERT INTO `item_images` VALUES ('36', '91', 'hotel1.jpg');
INSERT INTO `item_images` VALUES ('37', '92', 'hotel2.jpg');
INSERT INTO `item_images` VALUES ('38', '93', 'hotel3.jpeg');
INSERT INTO `item_images` VALUES ('39', '94', 'hotel4.jpg');
INSERT INTO `item_images` VALUES ('40', '95', 'hotel5.jpg');
INSERT INTO `item_images` VALUES ('41', '96', 'hotel6.jpg');
INSERT INTO `item_images` VALUES ('42', '97', 'hotel7.jpg');
INSERT INTO `item_images` VALUES ('43', '98', 'hotel8.jpg');
INSERT INTO `item_images` VALUES ('44', '99', 'hotel9.jpg');
INSERT INTO `item_images` VALUES ('45', '100', 'hotel10.jpg');
INSERT INTO `item_images` VALUES ('46', '101', 'hotel11.jpg');
INSERT INTO `item_images` VALUES ('47', '102', 'hotel12.jpg');
INSERT INTO `item_images` VALUES ('48', '103', 'hotel13.jpg');
INSERT INTO `item_images` VALUES ('49', '104', 'hotel14.jpg');
INSERT INTO `item_images` VALUES ('50', '105', 'hotel15.jpg');
INSERT INTO `item_images` VALUES ('51', '106', 'hotel16.jpg');
INSERT INTO `item_images` VALUES ('52', '107', 'hotel17.jpg');
INSERT INTO `item_images` VALUES ('53', '108', 'hotel18.jpg');
INSERT INTO `item_images` VALUES ('54', '109', 'hotel19.jpg');
INSERT INTO `item_images` VALUES ('55', '110', 'hotel20.jpg');
INSERT INTO `item_images` VALUES ('56', '111', 'hotel21.jpg');
INSERT INTO `item_images` VALUES ('57', '112', 'hotel22.jpg');
INSERT INTO `item_images` VALUES ('58', '113', 'hotel23.jpg');
INSERT INTO `item_images` VALUES ('59', '114', 'hotel24.JPG');
INSERT INTO `item_images` VALUES ('60', '115', 'hotel25.jpg');
INSERT INTO `item_images` VALUES ('61', '116', 'hotel26.jpg');
INSERT INTO `item_images` VALUES ('62', '117', 'hotel27.jpg');
INSERT INTO `item_images` VALUES ('63', '118', 'hotel28.jpg');
INSERT INTO `item_images` VALUES ('64', '119', 'hotel29.jpg');
INSERT INTO `item_images` VALUES ('65', '120', 'hotel30.jpg');
INSERT INTO `item_images` VALUES ('66', '121', 'hotel1.jpg');
INSERT INTO `item_images` VALUES ('67', '122', 'hotel2.jpg');
INSERT INTO `item_images` VALUES ('68', '123', 'hotel3.jpeg');
INSERT INTO `item_images` VALUES ('69', '124', 'move1.jpg');
INSERT INTO `item_images` VALUES ('70', '125', 'move2.jpg');
INSERT INTO `item_images` VALUES ('71', '126', 'move2.jpg');
INSERT INTO `item_images` VALUES ('72', '127', 'move3.jpg');
INSERT INTO `item_images` VALUES ('73', '128', 'move4.jpg');
INSERT INTO `item_images` VALUES ('74', '129', 'move5.jpg');
INSERT INTO `item_images` VALUES ('75', '130', 'move6.jpg');
INSERT INTO `item_images` VALUES ('76', '131', 'move7.jpg');
INSERT INTO `item_images` VALUES ('77', '132', 'move8.jpg');
INSERT INTO `item_images` VALUES ('78', '133', 'move9.jpg');
INSERT INTO `item_images` VALUES ('79', '134', 'move1.jpg');
INSERT INTO `item_images` VALUES ('80', '135', 'move2.jpg');
INSERT INTO `item_images` VALUES ('81', '136', 'move3.jpg');
INSERT INTO `item_images` VALUES ('82', '137', 'move4.jpg');
INSERT INTO `item_images` VALUES ('83', '138', 'move5.jpg');
INSERT INTO `item_images` VALUES ('84', '139', 'move6.jpg');
INSERT INTO `item_images` VALUES ('85', '140', 'move7.jpg');
INSERT INTO `item_images` VALUES ('86', '141', 'move8.jpg');
INSERT INTO `item_images` VALUES ('87', '142', 'move9.jpg');
INSERT INTO `item_images` VALUES ('88', '143', 'move1.jpg');
INSERT INTO `item_images` VALUES ('89', '144', 'move2.jpg');
INSERT INTO `item_images` VALUES ('90', '145', 'move3.jpg');
INSERT INTO `item_images` VALUES ('91', '146', 'move4.jpg');
INSERT INTO `item_images` VALUES ('92', '147', 'move5.jpg');
INSERT INTO `item_images` VALUES ('93', '148', 'move6.jpg');
INSERT INTO `item_images` VALUES ('94', '149', 'move7.jpg');
INSERT INTO `item_images` VALUES ('95', '150', 'move8.jpg');
INSERT INTO `item_images` VALUES ('96', '151', 'move9.jpg');
INSERT INTO `item_images` VALUES ('97', '152', 'move1.jpg');
INSERT INTO `item_images` VALUES ('98', '153', 'move2.jpg');
INSERT INTO `item_images` VALUES ('99', '154', 'move3.jpg');
INSERT INTO `item_images` VALUES ('100', '155', 'move4.jpg');
INSERT INTO `item_images` VALUES ('101', '156', 'move5.jpg');
INSERT INTO `item_images` VALUES ('102', '157', 'move6.jpg');
INSERT INTO `item_images` VALUES ('103', '158', 'move7.jpg');
INSERT INTO `item_images` VALUES ('104', '159', 'move8.jpg');
INSERT INTO `item_images` VALUES ('105', '160', 'bar1.jpg');
INSERT INTO `item_images` VALUES ('106', '161', 'bar2.jpg');
INSERT INTO `item_images` VALUES ('107', '162', 'bar3.jpg');
INSERT INTO `item_images` VALUES ('108', '163', 'bar4.jpg');
INSERT INTO `item_images` VALUES ('109', '164', 'bar5.jpg');
INSERT INTO `item_images` VALUES ('110', '165', 'bar5.jpg');
INSERT INTO `item_images` VALUES ('111', '166', 'bar6.jpg');
INSERT INTO `item_images` VALUES ('112', '167', 'bar7.jpg');
INSERT INTO `item_images` VALUES ('113', '168', 'bar8.jpg');
INSERT INTO `item_images` VALUES ('114', '169', 'bar9.jpg');
INSERT INTO `item_images` VALUES ('115', '170', 'bar10.jpg');
INSERT INTO `item_images` VALUES ('116', '171', 'bar11.jpg');
INSERT INTO `item_images` VALUES ('117', '172', 'bar12.jpg');
INSERT INTO `item_images` VALUES ('118', '173', 'bar13.jpg');
INSERT INTO `item_images` VALUES ('119', '174', 'bar14.jpg');
INSERT INTO `item_images` VALUES ('120', '175', 'bar15.jpg');
INSERT INTO `item_images` VALUES ('121', '176', 'bar16.jpg');
INSERT INTO `item_images` VALUES ('122', '177', 'bar17.jpg');
INSERT INTO `item_images` VALUES ('123', '178', 'bar18.jpg');
INSERT INTO `item_images` VALUES ('124', '179', 'bar19.jpg');
INSERT INTO `item_images` VALUES ('125', '180', 'bar20.jpg');
INSERT INTO `item_images` VALUES ('126', '181', 'bar21.jpg');
INSERT INTO `item_images` VALUES ('127', '182', 'bar22.jpg');
INSERT INTO `item_images` VALUES ('128', '183', 'bar23.jpg');
INSERT INTO `item_images` VALUES ('129', '184', 'bar24.jpg');
INSERT INTO `item_images` VALUES ('130', '185', 'bar25.jpg');
INSERT INTO `item_images` VALUES ('131', '186', 'bar6.jpg');
INSERT INTO `item_images` VALUES ('132', '187', 'bar7.jpg');
INSERT INTO `item_images` VALUES ('133', '188', 'bar8.jpg');
INSERT INTO `item_images` VALUES ('134', '189', 'bar9.jpg');
INSERT INTO `item_images` VALUES ('135', '190', 'bar10.jpg');
INSERT INTO `item_images` VALUES ('136', '191', 'bar1.jpg');
INSERT INTO `item_images` VALUES ('137', '192', 'bar2.jpg');
INSERT INTO `item_images` VALUES ('138', '193', 'bar3.jpg');
INSERT INTO `item_images` VALUES ('139', '194', 'bar4.jpg');
INSERT INTO `item_images` VALUES ('140', '195', 'bar5.jpg');
INSERT INTO `item_images` VALUES ('141', '196', 'hotel1.jpg');
INSERT INTO `item_images` VALUES ('142', '197', 'hotel2.jpg');
INSERT INTO `item_images` VALUES ('143', '198', 'hotel3.jpeg');
INSERT INTO `item_images` VALUES ('144', '199', 'hotel4.jpg');
INSERT INTO `item_images` VALUES ('145', '200', 'hotel5.jpg');
INSERT INTO `item_images` VALUES ('146', '201', 'hotel6.jpg');
INSERT INTO `item_images` VALUES ('147', '202', 'hotel7.jpg');
INSERT INTO `item_images` VALUES ('148', '203', 'hotel8.jpg');
INSERT INTO `item_images` VALUES ('149', '204', 'hotel9.jpg');
INSERT INTO `item_images` VALUES ('150', '205', 'hotel10.jpg');
INSERT INTO `item_images` VALUES ('151', '206', 'hotel11.jpg');
INSERT INTO `item_images` VALUES ('152', '207', 'hotel12.jpg');
INSERT INTO `item_images` VALUES ('153', '208', 'hotel13.jpg');
INSERT INTO `item_images` VALUES ('154', '209', 'hotel14.jpg');
INSERT INTO `item_images` VALUES ('155', '210', 'hotel15.jpg');
INSERT INTO `item_images` VALUES ('156', '211', 'hotel16.jpg');
INSERT INTO `item_images` VALUES ('157', '212', 'hotel17.jpg');
INSERT INTO `item_images` VALUES ('158', '213', 'hotel18.jpg');
INSERT INTO `item_images` VALUES ('159', '214', 'hotel19.jpg');
INSERT INTO `item_images` VALUES ('160', '215', 'hotel20.jpg');
INSERT INTO `item_images` VALUES ('161', '216', 'hotel21.jpg');
INSERT INTO `item_images` VALUES ('162', '217', 'hotel22.jpg');
INSERT INTO `item_images` VALUES ('163', '218', 'hotel23.jpg');
INSERT INTO `item_images` VALUES ('164', '219', 'hotel24.jpg');
INSERT INTO `item_images` VALUES ('165', '220', 'hotel25.jpg');
INSERT INTO `item_images` VALUES ('166', '221', 'hotel26.jpg');
INSERT INTO `item_images` VALUES ('167', '222', 'hotel27.jpg');
INSERT INTO `item_images` VALUES ('168', '223', 'hotel28.jpg');
INSERT INTO `item_images` VALUES ('169', '224', 'hotel29.jpg');
INSERT INTO `item_images` VALUES ('170', '225', 'hotel30.jpg');
INSERT INTO `item_images` VALUES ('171', '226', 'hotel1.jpg');
INSERT INTO `item_images` VALUES ('172', '227', 'hotel2.jpg');
INSERT INTO `item_images` VALUES ('173', '228', 'hotel3.jpeg');
INSERT INTO `item_images` VALUES ('174', '229', 'hotel4.jpg');
INSERT INTO `item_images` VALUES ('175', '230', 'hotel5.jpg');
INSERT INTO `item_images` VALUES ('176', '231', 'hotel6.jpg');
INSERT INTO `item_images` VALUES ('177', '232', 'hotel7.jpg');
INSERT INTO `item_images` VALUES ('178', '233', 'hotel8.jpg');
INSERT INTO `item_images` VALUES ('179', '234', 'hotel9.jpg');
INSERT INTO `item_images` VALUES ('180', '235', 'hotel10.jpg');
INSERT INTO `item_images` VALUES ('181', '236', 'hotel11.jpg');
INSERT INTO `item_images` VALUES ('182', '237', 'hotel12.jpg');
INSERT INTO `item_images` VALUES ('183', '238', 'hotel13.jpg');
INSERT INTO `item_images` VALUES ('184', '239', 'hotel14.jpg');
INSERT INTO `item_images` VALUES ('185', '240', 'hotel15.jpg');
INSERT INTO `item_images` VALUES ('186', '241', 'hotel16.jpg');
INSERT INTO `item_images` VALUES ('187', '242', 'hotel17.jpg');
INSERT INTO `item_images` VALUES ('188', '243', 'hotel18.jpg');
INSERT INTO `item_images` VALUES ('189', '244', 'hotel20.jpg');
INSERT INTO `item_images` VALUES ('190', '245', 'hotel21.jpg');
INSERT INTO `item_images` VALUES ('191', '246', 'hotel22.jpg');
INSERT INTO `item_images` VALUES ('192', '247', 'hotel23.jpg');
INSERT INTO `item_images` VALUES ('193', '248', 'hotel24.jpg');
INSERT INTO `item_images` VALUES ('194', '249', 'hotel25.jpg');
INSERT INTO `item_images` VALUES ('195', '250', 'hotel26.jpg');
INSERT INTO `item_images` VALUES ('196', '251', 'hotel27.jpg');
INSERT INTO `item_images` VALUES ('197', '252', 'hotel28.jpg');
INSERT INTO `item_images` VALUES ('198', '253', 'hotel29.jpg');
INSERT INTO `item_images` VALUES ('199', '254', 'hotel30.jpg');
INSERT INTO `item_images` VALUES ('200', '255', 'hotel1.jpg');
INSERT INTO `item_images` VALUES ('201', '256', 'hotel2.jpg');
INSERT INTO `item_images` VALUES ('202', '257', 'hotel3.jpeg');
INSERT INTO `item_images` VALUES ('203', '258', 'hotel4.jpg');
INSERT INTO `item_images` VALUES ('204', '259', 'hotel5.jpg');
INSERT INTO `item_images` VALUES ('205', '260', 'hotel6.jpg');
INSERT INTO `item_images` VALUES ('206', '261', 'hotel7.jpg');
INSERT INTO `item_images` VALUES ('207', '262', 'hotel8.jpg');
INSERT INTO `item_images` VALUES ('208', '263', 'hotel9.jpg');
INSERT INTO `item_images` VALUES ('209', '264', 'hotel10.jpg');
INSERT INTO `item_images` VALUES ('210', '265', 'hotel11.jpg');
INSERT INTO `item_images` VALUES ('211', '266', 'hotel12.jpg');
INSERT INTO `item_images` VALUES ('212', '267', 'hotel13.jpg');
INSERT INTO `item_images` VALUES ('213', '268', 'hotel14.jpg');
INSERT INTO `item_images` VALUES ('214', '269', 'hotel15.jpg');
INSERT INTO `item_images` VALUES ('215', '270', 'rest1.jpg');
INSERT INTO `item_images` VALUES ('216', '271', 'rest2.jpg');
INSERT INTO `item_images` VALUES ('217', '272', 'rest3.JPG');
INSERT INTO `item_images` VALUES ('218', '273', 'rest4.jpg');
INSERT INTO `item_images` VALUES ('219', '274', 'rest5.jpg');
INSERT INTO `item_images` VALUES ('220', '275', 'rest6.jpg');
INSERT INTO `item_images` VALUES ('221', '276', 'rest7.jpg');
INSERT INTO `item_images` VALUES ('222', '277', 'rest8.jpg');
INSERT INTO `item_images` VALUES ('223', '278', 'rest9.jpg');
INSERT INTO `item_images` VALUES ('224', '279', 'rest10.jpg');
INSERT INTO `item_images` VALUES ('225', '280', 'rest11.jpg');
INSERT INTO `item_images` VALUES ('226', '281', 'rest12.jpg');
INSERT INTO `item_images` VALUES ('227', '282', 'rest13.jpg');
INSERT INTO `item_images` VALUES ('228', '283', 'rest14.jpg');
INSERT INTO `item_images` VALUES ('229', '284', 'rest15.jpg');
INSERT INTO `item_images` VALUES ('230', '285', 'rest16.jpg');
INSERT INTO `item_images` VALUES ('240', '286', 'rest17.jpg');
INSERT INTO `item_images` VALUES ('241', '287', 'rest18.jpg');
INSERT INTO `item_images` VALUES ('242', '305', 'beach1.jpg');
INSERT INTO `item_images` VALUES ('243', '306', 'beach2.jpg');
INSERT INTO `item_images` VALUES ('244', '307', 'beach3.jpg');
INSERT INTO `item_images` VALUES ('245', '308', 'beach4.jpg');
INSERT INTO `item_images` VALUES ('246', '309', 'beach5.jpg');
INSERT INTO `item_images` VALUES ('247', '310', 'beach6.jpg');
INSERT INTO `item_images` VALUES ('248', '311', 'beach7.jpg');
INSERT INTO `item_images` VALUES ('249', '312', 'beach8.jpg');
INSERT INTO `item_images` VALUES ('250', '313', 'beach9.jpg');
INSERT INTO `item_images` VALUES ('251', '314', 'beach10.jpg');
INSERT INTO `item_images` VALUES ('252', '315', 'beach11.jpg');
INSERT INTO `item_images` VALUES ('253', '316', 'beach12.jpg');
INSERT INTO `item_images` VALUES ('254', '317', 'beach13.jpg');
INSERT INTO `item_images` VALUES ('255', '318', 'beach14.jpg');
INSERT INTO `item_images` VALUES ('256', '319', 'beach15.jpg');
INSERT INTO `item_images` VALUES ('257', '320', 'beach16.jpg');

-- ----------------------------
-- Table structure for item_main_categories
-- ----------------------------
DROP TABLE IF EXISTS `item_main_categories`;
CREATE TABLE `item_main_categories` (
  `id` int(11) NOT NULL AUTO_INCREMENT,
  `name` varchar(255) DEFAULT NULL,
  `popularity` tinyint(1) DEFAULT NULL,
  `icon` varchar(255) DEFAULT NULL,
  PRIMARY KEY (`id`)
) ENGINE=InnoDB AUTO_INCREMENT=5 DEFAULT CHARSET=utf8;

-- ----------------------------
-- Records of item_main_categories
-- ----------------------------
INSERT INTO `item_main_categories` VALUES ('1', 'Restaurant', null, 'restaurants-bars/restaurants/restaurant.png');
INSERT INTO `item_main_categories` VALUES ('2', 'Hotel', null, 'hotels/hotel.png');
INSERT INTO `item_main_categories` VALUES ('3', 'Transporation', null, 'transportation/road-transportation/taxi.png');
INSERT INTO `item_main_categories` VALUES ('4', 'Recreation', null, 'culture-entertainment/culture/music_rock.png');

-- ----------------------------
-- Table structure for item_popular
-- ----------------------------
DROP TABLE IF EXISTS `item_popular`;
CREATE TABLE `item_popular` (
  `id` int(11) NOT NULL AUTO_INCREMENT,
  `item_id` int(11) DEFAULT NULL,
  `popularity` int(3) DEFAULT NULL,
  `place_id` int(11) DEFAULT NULL,
  PRIMARY KEY (`id`)
) ENGINE=InnoDB AUTO_INCREMENT=8 DEFAULT CHARSET=utf8;

-- ----------------------------
-- Records of item_popular
-- ----------------------------
INSERT INTO `item_popular` VALUES ('1', '63', '5', '2');
INSERT INTO `item_popular` VALUES ('2', '70', '2', '2');
INSERT INTO `item_popular` VALUES ('4', '123', '7', '2');
INSERT INTO `item_popular` VALUES ('5', '251', '3', '1');
INSERT INTO `item_popular` VALUES ('6', '239', '3', '1');
INSERT INTO `item_popular` VALUES ('7', '222', '9', '1');

-- ----------------------------
-- Table structure for item_reviews
-- ----------------------------
DROP TABLE IF EXISTS `item_reviews`;
CREATE TABLE `item_reviews` (
  `id` int(11) NOT NULL AUTO_INCREMENT,
  `item_id` int(11) DEFAULT NULL,
  `source_id` int(11) DEFAULT NULL,
  `rating` int(2) DEFAULT NULL,
  `review` text,
  `created` datetime DEFAULT NULL,
  PRIMARY KEY (`id`)
) ENGINE=InnoDB AUTO_INCREMENT=552 DEFAULT CHARSET=utf8;

-- ----------------------------
-- Records of item_reviews
-- ----------------------------
INSERT INTO `item_reviews` VALUES ('289', '58', null, '4', null, '2015-10-15 10:51:37');
INSERT INTO `item_reviews` VALUES ('290', '59', null, '4', null, '2015-10-15 10:51:37');
INSERT INTO `item_reviews` VALUES ('291', '60', null, '4', null, '2015-10-15 10:51:37');
INSERT INTO `item_reviews` VALUES ('292', '61', null, '3', null, '2015-10-15 10:51:37');
INSERT INTO `item_reviews` VALUES ('293', '62', null, '3', null, '2015-10-15 10:51:37');
INSERT INTO `item_reviews` VALUES ('294', '63', null, '1', null, '2015-10-15 10:51:37');
INSERT INTO `item_reviews` VALUES ('295', '64', null, '1', null, '2015-10-15 10:51:37');
INSERT INTO `item_reviews` VALUES ('296', '65', null, '2', null, '2015-10-15 10:51:37');
INSERT INTO `item_reviews` VALUES ('297', '66', null, '2', null, '2015-10-15 10:51:37');
INSERT INTO `item_reviews` VALUES ('298', '67', null, '4', null, '2015-10-15 10:51:37');
INSERT INTO `item_reviews` VALUES ('299', '68', null, '3', null, '2015-10-15 10:51:37');
INSERT INTO `item_reviews` VALUES ('300', '69', null, '3', null, '2015-10-15 10:51:37');
INSERT INTO `item_reviews` VALUES ('301', '70', null, '4', null, '2015-10-15 10:51:37');
INSERT INTO `item_reviews` VALUES ('302', '71', null, '2', null, '2015-10-15 10:51:37');
INSERT INTO `item_reviews` VALUES ('303', '72', null, '2', null, '2015-10-15 10:51:37');
INSERT INTO `item_reviews` VALUES ('304', '73', null, '1', null, '2015-10-15 10:51:37');
INSERT INTO `item_reviews` VALUES ('305', '74', null, '3', null, '2015-10-15 10:51:37');
INSERT INTO `item_reviews` VALUES ('306', '75', null, '3', null, '2015-10-15 10:51:37');
INSERT INTO `item_reviews` VALUES ('307', '76', null, '4', null, '2015-10-15 10:51:37');
INSERT INTO `item_reviews` VALUES ('308', '77', null, '4', null, '2015-10-15 10:51:37');
INSERT INTO `item_reviews` VALUES ('309', '78', null, '1', null, '2015-10-15 10:51:37');
INSERT INTO `item_reviews` VALUES ('310', '79', null, '1', null, '2015-10-15 10:51:37');
INSERT INTO `item_reviews` VALUES ('311', '80', null, '3', null, '2015-10-15 10:51:37');
INSERT INTO `item_reviews` VALUES ('312', '81', null, '4', null, '2015-10-15 10:51:37');
INSERT INTO `item_reviews` VALUES ('313', '82', null, '1', null, '2015-10-15 10:51:37');
INSERT INTO `item_reviews` VALUES ('314', '83', null, '1', null, '2015-10-15 10:51:37');
INSERT INTO `item_reviews` VALUES ('315', '84', null, '2', null, '2015-10-15 10:51:37');
INSERT INTO `item_reviews` VALUES ('316', '85', null, '3', null, '2015-10-15 10:51:37');
INSERT INTO `item_reviews` VALUES ('317', '86', null, '1', null, '2015-10-15 10:51:37');
INSERT INTO `item_reviews` VALUES ('318', '87', null, '3', null, '2015-10-15 10:51:37');
INSERT INTO `item_reviews` VALUES ('319', '88', null, '1', null, '2015-10-15 10:51:37');
INSERT INTO `item_reviews` VALUES ('320', '89', null, '5', null, '2015-10-15 10:51:37');
INSERT INTO `item_reviews` VALUES ('321', '90', null, '4', null, '2015-10-15 10:51:37');
INSERT INTO `item_reviews` VALUES ('322', '91', null, '5', null, '2015-10-15 10:51:37');
INSERT INTO `item_reviews` VALUES ('323', '92', null, '5', null, '2015-10-15 10:51:37');
INSERT INTO `item_reviews` VALUES ('324', '93', null, '1', null, '2015-10-15 10:51:37');
INSERT INTO `item_reviews` VALUES ('325', '94', null, '3', null, '2015-10-15 10:51:37');
INSERT INTO `item_reviews` VALUES ('326', '95', null, '2', null, '2015-10-15 10:51:37');
INSERT INTO `item_reviews` VALUES ('327', '96', null, '2', null, '2015-10-15 10:51:37');
INSERT INTO `item_reviews` VALUES ('328', '97', null, '3', null, '2015-10-15 10:51:37');
INSERT INTO `item_reviews` VALUES ('329', '98', null, '1', null, '2015-10-15 10:51:37');
INSERT INTO `item_reviews` VALUES ('330', '99', null, '4', null, '2015-10-15 10:51:37');
INSERT INTO `item_reviews` VALUES ('331', '100', null, '1', null, '2015-10-15 10:51:37');
INSERT INTO `item_reviews` VALUES ('332', '101', null, '5', null, '2015-10-15 10:51:37');
INSERT INTO `item_reviews` VALUES ('333', '102', null, '1', null, '2015-10-15 10:51:37');
INSERT INTO `item_reviews` VALUES ('334', '103', null, '5', null, '2015-10-15 10:51:37');
INSERT INTO `item_reviews` VALUES ('335', '104', null, '3', null, '2015-10-15 10:51:37');
INSERT INTO `item_reviews` VALUES ('336', '105', null, '3', null, '2015-10-15 10:51:37');
INSERT INTO `item_reviews` VALUES ('337', '106', null, '2', null, '2015-10-15 10:51:37');
INSERT INTO `item_reviews` VALUES ('338', '107', null, '3', null, '2015-10-15 10:51:37');
INSERT INTO `item_reviews` VALUES ('339', '108', null, '1', null, '2015-10-15 10:51:37');
INSERT INTO `item_reviews` VALUES ('340', '109', null, '4', null, '2015-10-15 10:51:37');
INSERT INTO `item_reviews` VALUES ('341', '110', null, '4', null, '2015-10-15 10:51:37');
INSERT INTO `item_reviews` VALUES ('342', '111', null, '2', null, '2015-10-15 10:51:37');
INSERT INTO `item_reviews` VALUES ('343', '112', null, '4', null, '2015-10-15 10:51:37');
INSERT INTO `item_reviews` VALUES ('344', '113', null, '2', null, '2015-10-15 10:51:37');
INSERT INTO `item_reviews` VALUES ('345', '114', null, '3', null, '2015-10-15 10:51:37');
INSERT INTO `item_reviews` VALUES ('346', '115', null, '1', null, '2015-10-15 10:51:37');
INSERT INTO `item_reviews` VALUES ('347', '116', null, '1', null, '2015-10-15 10:51:37');
INSERT INTO `item_reviews` VALUES ('348', '117', null, '3', null, '2015-10-15 10:51:37');
INSERT INTO `item_reviews` VALUES ('349', '118', null, '1', null, '2015-10-15 10:51:37');
INSERT INTO `item_reviews` VALUES ('350', '119', null, '2', null, '2015-10-15 10:51:37');
INSERT INTO `item_reviews` VALUES ('351', '120', null, '3', null, '2015-10-15 10:51:37');
INSERT INTO `item_reviews` VALUES ('352', '121', null, '4', null, '2015-10-15 10:51:37');
INSERT INTO `item_reviews` VALUES ('353', '122', null, '1', null, '2015-10-15 10:51:37');
INSERT INTO `item_reviews` VALUES ('354', '123', null, '5', null, '2015-10-15 10:51:37');
INSERT INTO `item_reviews` VALUES ('355', '124', null, '2', null, '2015-10-15 10:51:37');
INSERT INTO `item_reviews` VALUES ('356', '125', null, '4', null, '2015-10-15 10:51:37');
INSERT INTO `item_reviews` VALUES ('357', '126', null, '5', null, '2015-10-15 10:51:37');
INSERT INTO `item_reviews` VALUES ('358', '127', null, '2', null, '2015-10-15 10:51:37');
INSERT INTO `item_reviews` VALUES ('359', '128', null, '4', null, '2015-10-15 10:51:37');
INSERT INTO `item_reviews` VALUES ('360', '129', null, '4', null, '2015-10-15 10:51:37');
INSERT INTO `item_reviews` VALUES ('361', '130', null, '2', null, '2015-10-15 10:51:37');
INSERT INTO `item_reviews` VALUES ('362', '131', null, '4', null, '2015-10-15 10:51:37');
INSERT INTO `item_reviews` VALUES ('363', '132', null, '2', null, '2015-10-15 10:51:37');
INSERT INTO `item_reviews` VALUES ('364', '133', null, '2', null, '2015-10-15 10:51:37');
INSERT INTO `item_reviews` VALUES ('365', '134', null, '5', null, '2015-10-15 10:51:37');
INSERT INTO `item_reviews` VALUES ('366', '135', null, '3', null, '2015-10-15 10:51:37');
INSERT INTO `item_reviews` VALUES ('367', '136', null, '1', null, '2015-10-15 10:51:37');
INSERT INTO `item_reviews` VALUES ('368', '137', null, '4', null, '2015-10-15 10:51:37');
INSERT INTO `item_reviews` VALUES ('369', '138', null, '2', null, '2015-10-15 10:51:37');
INSERT INTO `item_reviews` VALUES ('370', '139', null, '3', null, '2015-10-15 10:51:37');
INSERT INTO `item_reviews` VALUES ('371', '140', null, '4', null, '2015-10-15 10:51:37');
INSERT INTO `item_reviews` VALUES ('372', '141', null, '5', null, '2015-10-15 10:51:37');
INSERT INTO `item_reviews` VALUES ('373', '142', null, '5', null, '2015-10-15 10:51:37');
INSERT INTO `item_reviews` VALUES ('374', '143', null, '2', null, '2015-10-15 10:51:37');
INSERT INTO `item_reviews` VALUES ('375', '144', null, '2', null, '2015-10-15 10:51:37');
INSERT INTO `item_reviews` VALUES ('376', '145', null, '4', null, '2015-10-15 10:51:37');
INSERT INTO `item_reviews` VALUES ('377', '146', null, '3', null, '2015-10-15 10:51:37');
INSERT INTO `item_reviews` VALUES ('378', '147', null, '5', null, '2015-10-15 10:51:37');
INSERT INTO `item_reviews` VALUES ('379', '148', null, '3', null, '2015-10-15 10:51:37');
INSERT INTO `item_reviews` VALUES ('380', '149', null, '1', null, '2015-10-15 10:51:37');
INSERT INTO `item_reviews` VALUES ('381', '150', null, '3', null, '2015-10-15 10:51:37');
INSERT INTO `item_reviews` VALUES ('382', '151', null, '4', null, '2015-10-15 10:51:37');
INSERT INTO `item_reviews` VALUES ('383', '152', null, '2', null, '2015-10-15 10:51:37');
INSERT INTO `item_reviews` VALUES ('384', '153', null, '3', null, '2015-10-15 10:51:37');
INSERT INTO `item_reviews` VALUES ('385', '154', null, '5', null, '2015-10-15 10:51:37');
INSERT INTO `item_reviews` VALUES ('386', '155', null, '4', null, '2015-10-15 10:51:37');
INSERT INTO `item_reviews` VALUES ('387', '156', null, '2', null, '2015-10-15 10:51:37');
INSERT INTO `item_reviews` VALUES ('388', '157', null, '1', null, '2015-10-15 10:51:37');
INSERT INTO `item_reviews` VALUES ('389', '158', null, '4', null, '2015-10-15 10:51:37');
INSERT INTO `item_reviews` VALUES ('390', '159', null, '2', null, '2015-10-15 10:51:37');
INSERT INTO `item_reviews` VALUES ('391', '160', null, '3', null, '2015-10-15 10:51:37');
INSERT INTO `item_reviews` VALUES ('392', '161', null, '3', null, '2015-10-15 10:51:37');
INSERT INTO `item_reviews` VALUES ('393', '162', null, '5', null, '2015-10-15 10:51:37');
INSERT INTO `item_reviews` VALUES ('394', '163', null, '3', null, '2015-10-15 10:51:37');
INSERT INTO `item_reviews` VALUES ('395', '164', null, '5', null, '2015-10-15 10:51:37');
INSERT INTO `item_reviews` VALUES ('396', '165', null, '2', null, '2015-10-15 10:51:37');
INSERT INTO `item_reviews` VALUES ('397', '166', null, '1', null, '2015-10-15 10:51:37');
INSERT INTO `item_reviews` VALUES ('398', '167', null, '5', null, '2015-10-15 10:51:37');
INSERT INTO `item_reviews` VALUES ('399', '168', null, '1', null, '2015-10-15 10:51:37');
INSERT INTO `item_reviews` VALUES ('400', '169', null, '5', null, '2015-10-15 10:51:37');
INSERT INTO `item_reviews` VALUES ('401', '170', null, '4', null, '2015-10-15 10:51:37');
INSERT INTO `item_reviews` VALUES ('402', '171', null, '2', null, '2015-10-15 10:51:37');
INSERT INTO `item_reviews` VALUES ('403', '172', null, '5', null, '2015-10-15 10:51:37');
INSERT INTO `item_reviews` VALUES ('404', '173', null, '4', null, '2015-10-15 10:51:37');
INSERT INTO `item_reviews` VALUES ('405', '174', null, '2', null, '2015-10-15 10:51:37');
INSERT INTO `item_reviews` VALUES ('406', '175', null, '2', null, '2015-10-15 10:51:37');
INSERT INTO `item_reviews` VALUES ('407', '176', null, '2', null, '2015-10-15 10:51:37');
INSERT INTO `item_reviews` VALUES ('408', '177', null, '1', null, '2015-10-15 10:51:37');
INSERT INTO `item_reviews` VALUES ('409', '178', null, '4', null, '2015-10-15 10:51:37');
INSERT INTO `item_reviews` VALUES ('410', '179', null, '4', null, '2015-10-15 10:51:37');
INSERT INTO `item_reviews` VALUES ('411', '180', null, '2', null, '2015-10-15 10:51:37');
INSERT INTO `item_reviews` VALUES ('412', '181', null, '5', null, '2015-10-15 10:51:37');
INSERT INTO `item_reviews` VALUES ('413', '182', null, '2', null, '2015-10-15 10:51:37');
INSERT INTO `item_reviews` VALUES ('414', '183', null, '1', null, '2015-10-15 10:51:37');
INSERT INTO `item_reviews` VALUES ('415', '184', null, '2', null, '2015-10-15 10:51:37');
INSERT INTO `item_reviews` VALUES ('416', '185', null, '1', null, '2015-10-15 10:51:37');
INSERT INTO `item_reviews` VALUES ('417', '186', null, '5', null, '2015-10-15 10:51:37');
INSERT INTO `item_reviews` VALUES ('418', '187', null, '3', null, '2015-10-15 10:51:37');
INSERT INTO `item_reviews` VALUES ('419', '188', null, '3', null, '2015-10-15 10:51:37');
INSERT INTO `item_reviews` VALUES ('420', '189', null, '3', null, '2015-10-15 10:51:37');
INSERT INTO `item_reviews` VALUES ('421', '190', null, '5', null, '2015-10-15 10:51:37');
INSERT INTO `item_reviews` VALUES ('422', '191', null, '1', null, '2015-10-15 10:51:37');
INSERT INTO `item_reviews` VALUES ('423', '192', null, '4', null, '2015-10-15 10:51:37');
INSERT INTO `item_reviews` VALUES ('424', '193', null, '2', null, '2015-10-15 10:51:37');
INSERT INTO `item_reviews` VALUES ('425', '194', null, '5', null, '2015-10-15 10:51:37');
INSERT INTO `item_reviews` VALUES ('426', '195', null, '2', null, '2015-10-15 10:51:37');
INSERT INTO `item_reviews` VALUES ('427', '196', null, '4', null, '2015-10-15 10:51:37');
INSERT INTO `item_reviews` VALUES ('428', '197', null, '3', null, '2015-10-15 10:51:37');
INSERT INTO `item_reviews` VALUES ('429', '198', null, '3', null, '2015-10-15 10:51:37');
INSERT INTO `item_reviews` VALUES ('430', '199', null, '2', null, '2015-10-15 10:51:37');
INSERT INTO `item_reviews` VALUES ('431', '200', null, '2', null, '2015-10-15 10:51:37');
INSERT INTO `item_reviews` VALUES ('432', '201', null, '5', null, '2015-10-15 10:51:37');
INSERT INTO `item_reviews` VALUES ('433', '202', null, '3', null, '2015-10-15 10:51:37');
INSERT INTO `item_reviews` VALUES ('434', '203', null, '1', null, '2015-10-15 10:51:37');
INSERT INTO `item_reviews` VALUES ('435', '204', null, '2', null, '2015-10-15 10:51:37');
INSERT INTO `item_reviews` VALUES ('436', '205', null, '3', null, '2015-10-15 10:51:37');
INSERT INTO `item_reviews` VALUES ('437', '206', null, '1', null, '2015-10-15 10:51:37');
INSERT INTO `item_reviews` VALUES ('438', '207', null, '1', null, '2015-10-15 10:51:37');
INSERT INTO `item_reviews` VALUES ('439', '208', null, '4', null, '2015-10-15 10:51:37');
INSERT INTO `item_reviews` VALUES ('440', '209', null, '2', null, '2015-10-15 10:51:37');
INSERT INTO `item_reviews` VALUES ('441', '210', null, '3', null, '2015-10-15 10:51:37');
INSERT INTO `item_reviews` VALUES ('442', '211', null, '2', null, '2015-10-15 10:51:37');
INSERT INTO `item_reviews` VALUES ('443', '212', null, '2', null, '2015-10-15 10:51:37');
INSERT INTO `item_reviews` VALUES ('444', '213', null, '2', null, '2015-10-15 10:51:37');
INSERT INTO `item_reviews` VALUES ('445', '214', null, '3', null, '2015-10-15 10:51:37');
INSERT INTO `item_reviews` VALUES ('446', '215', null, '2', null, '2015-10-15 10:51:37');
INSERT INTO `item_reviews` VALUES ('447', '216', null, '5', null, '2015-10-15 10:51:37');
INSERT INTO `item_reviews` VALUES ('448', '217', null, '3', null, '2015-10-15 10:51:37');
INSERT INTO `item_reviews` VALUES ('449', '218', null, '3', null, '2015-10-15 10:51:37');
INSERT INTO `item_reviews` VALUES ('450', '219', null, '1', null, '2015-10-15 10:51:37');
INSERT INTO `item_reviews` VALUES ('451', '220', null, '2', null, '2015-10-15 10:51:37');
INSERT INTO `item_reviews` VALUES ('452', '221', null, '4', null, '2015-10-15 10:51:37');
INSERT INTO `item_reviews` VALUES ('453', '222', null, '2', null, '2015-10-15 10:51:37');
INSERT INTO `item_reviews` VALUES ('454', '223', null, '5', null, '2015-10-15 10:51:37');
INSERT INTO `item_reviews` VALUES ('455', '224', null, '2', null, '2015-10-15 10:51:37');
INSERT INTO `item_reviews` VALUES ('456', '225', null, '1', null, '2015-10-15 10:51:37');
INSERT INTO `item_reviews` VALUES ('457', '226', null, '2', null, '2015-10-15 10:51:37');
INSERT INTO `item_reviews` VALUES ('458', '227', null, '5', null, '2015-10-15 10:51:37');
INSERT INTO `item_reviews` VALUES ('459', '228', null, '5', null, '2015-10-15 10:51:37');
INSERT INTO `item_reviews` VALUES ('460', '229', null, '2', null, '2015-10-15 10:51:37');
INSERT INTO `item_reviews` VALUES ('461', '230', null, '2', null, '2015-10-15 10:51:37');
INSERT INTO `item_reviews` VALUES ('462', '231', null, '3', null, '2015-10-15 10:51:37');
INSERT INTO `item_reviews` VALUES ('463', '232', null, '1', null, '2015-10-15 10:51:37');
INSERT INTO `item_reviews` VALUES ('464', '233', null, '4', null, '2015-10-15 10:51:37');
INSERT INTO `item_reviews` VALUES ('465', '234', null, '4', null, '2015-10-15 10:51:37');
INSERT INTO `item_reviews` VALUES ('466', '235', null, '3', null, '2015-10-15 10:51:37');
INSERT INTO `item_reviews` VALUES ('467', '236', null, '2', null, '2015-10-15 10:51:37');
INSERT INTO `item_reviews` VALUES ('468', '237', null, '1', null, '2015-10-15 10:51:37');
INSERT INTO `item_reviews` VALUES ('469', '238', null, '2', null, '2015-10-15 10:51:37');
INSERT INTO `item_reviews` VALUES ('470', '239', null, '4', null, '2015-10-15 10:51:37');
INSERT INTO `item_reviews` VALUES ('471', '240', null, '3', null, '2015-10-15 10:51:37');
INSERT INTO `item_reviews` VALUES ('472', '241', null, '3', null, '2015-10-15 10:51:37');
INSERT INTO `item_reviews` VALUES ('473', '242', null, '3', null, '2015-10-15 10:51:37');
INSERT INTO `item_reviews` VALUES ('474', '243', null, '5', null, '2015-10-15 10:51:37');
INSERT INTO `item_reviews` VALUES ('475', '244', null, '4', null, '2015-10-15 10:51:37');
INSERT INTO `item_reviews` VALUES ('476', '245', null, '4', null, '2015-10-15 10:51:37');
INSERT INTO `item_reviews` VALUES ('477', '246', null, '1', null, '2015-10-15 10:51:37');
INSERT INTO `item_reviews` VALUES ('478', '247', null, '3', null, '2015-10-15 10:51:37');
INSERT INTO `item_reviews` VALUES ('479', '248', null, '4', null, '2015-10-15 10:51:37');
INSERT INTO `item_reviews` VALUES ('480', '249', null, '5', null, '2015-10-15 10:51:37');
INSERT INTO `item_reviews` VALUES ('481', '250', null, '2', null, '2015-10-15 10:51:37');
INSERT INTO `item_reviews` VALUES ('482', '251', null, '3', null, '2015-10-15 10:51:37');
INSERT INTO `item_reviews` VALUES ('483', '252', null, '2', null, '2015-10-15 10:51:37');
INSERT INTO `item_reviews` VALUES ('484', '253', null, '4', null, '2015-10-15 10:51:37');
INSERT INTO `item_reviews` VALUES ('485', '254', null, '2', null, '2015-10-15 10:51:37');
INSERT INTO `item_reviews` VALUES ('486', '255', null, '3', null, '2015-10-15 10:51:37');
INSERT INTO `item_reviews` VALUES ('487', '256', null, '2', null, '2015-10-15 10:51:37');
INSERT INTO `item_reviews` VALUES ('488', '257', null, '4', null, '2015-10-15 10:51:37');
INSERT INTO `item_reviews` VALUES ('489', '258', null, '5', null, '2015-10-15 10:51:37');
INSERT INTO `item_reviews` VALUES ('490', '259', null, '2', null, '2015-10-15 10:51:37');
INSERT INTO `item_reviews` VALUES ('491', '260', null, '3', null, '2015-10-15 10:51:37');
INSERT INTO `item_reviews` VALUES ('492', '261', null, '1', null, '2015-10-15 10:51:37');
INSERT INTO `item_reviews` VALUES ('493', '262', null, '4', null, '2015-10-15 10:51:37');
INSERT INTO `item_reviews` VALUES ('494', '263', null, '3', null, '2015-10-15 10:51:37');
INSERT INTO `item_reviews` VALUES ('495', '264', null, '1', null, '2015-10-15 10:51:37');
INSERT INTO `item_reviews` VALUES ('496', '265', null, '3', null, '2015-10-15 10:51:37');
INSERT INTO `item_reviews` VALUES ('497', '266', null, '2', null, '2015-10-15 10:51:37');
INSERT INTO `item_reviews` VALUES ('498', '267', null, '5', null, '2015-10-15 10:51:37');
INSERT INTO `item_reviews` VALUES ('499', '268', null, '3', null, '2015-10-15 10:51:37');
INSERT INTO `item_reviews` VALUES ('500', '269', null, '4', null, '2015-10-15 10:51:37');
INSERT INTO `item_reviews` VALUES ('501', '270', null, '5', null, '2015-10-15 10:51:37');
INSERT INTO `item_reviews` VALUES ('502', '271', null, '2', null, '2015-10-15 10:51:37');
INSERT INTO `item_reviews` VALUES ('503', '272', null, '4', null, '2015-10-15 10:51:37');
INSERT INTO `item_reviews` VALUES ('504', '273', null, '3', null, '2015-10-15 10:51:37');
INSERT INTO `item_reviews` VALUES ('505', '274', null, '5', null, '2015-10-15 10:51:37');
INSERT INTO `item_reviews` VALUES ('506', '275', null, '2', null, '2015-10-15 10:51:37');
INSERT INTO `item_reviews` VALUES ('507', '276', null, '3', null, '2015-10-15 10:51:37');
INSERT INTO `item_reviews` VALUES ('508', '277', null, '5', null, '2015-10-15 10:51:37');
INSERT INTO `item_reviews` VALUES ('509', '278', null, '1', null, '2015-10-15 10:51:37');
INSERT INTO `item_reviews` VALUES ('510', '279', null, '3', null, '2015-10-15 10:51:37');
INSERT INTO `item_reviews` VALUES ('511', '280', null, '1', null, '2015-10-15 10:51:37');
INSERT INTO `item_reviews` VALUES ('512', '281', null, '1', null, '2015-10-15 10:51:37');
INSERT INTO `item_reviews` VALUES ('513', '282', null, '3', null, '2015-10-15 10:51:37');
INSERT INTO `item_reviews` VALUES ('514', '283', null, '5', null, '2015-10-15 10:51:37');
INSERT INTO `item_reviews` VALUES ('515', '284', null, '4', null, '2015-10-15 10:51:37');
INSERT INTO `item_reviews` VALUES ('516', '285', null, '4', null, '2015-10-15 10:51:37');
INSERT INTO `item_reviews` VALUES ('517', '286', null, '3', null, '2015-10-15 10:51:37');
INSERT INTO `item_reviews` VALUES ('518', '287', null, '5', null, '2015-10-15 10:51:37');
INSERT INTO `item_reviews` VALUES ('519', '288', null, '4', null, '2015-10-15 10:51:37');
INSERT INTO `item_reviews` VALUES ('520', '289', null, '1', null, '2015-10-15 10:51:37');
INSERT INTO `item_reviews` VALUES ('521', '290', null, '1', null, '2015-10-15 10:51:37');
INSERT INTO `item_reviews` VALUES ('522', '291', null, '4', null, '2015-10-15 10:51:37');
INSERT INTO `item_reviews` VALUES ('523', '292', null, '4', null, '2015-10-15 10:51:37');
INSERT INTO `item_reviews` VALUES ('524', '293', null, '5', null, '2015-10-15 10:51:37');
INSERT INTO `item_reviews` VALUES ('525', '294', null, '2', null, '2015-10-15 10:51:37');
INSERT INTO `item_reviews` VALUES ('526', '295', null, '3', null, '2015-10-15 10:51:37');
INSERT INTO `item_reviews` VALUES ('527', '296', null, '3', null, '2015-10-15 10:51:37');
INSERT INTO `item_reviews` VALUES ('528', '297', null, '2', null, '2015-10-15 10:51:37');
INSERT INTO `item_reviews` VALUES ('529', '298', null, '1', null, '2015-10-15 10:51:37');
INSERT INTO `item_reviews` VALUES ('530', '299', null, '2', null, '2015-10-15 10:51:37');
INSERT INTO `item_reviews` VALUES ('531', '300', null, '1', null, '2015-10-15 10:51:37');
INSERT INTO `item_reviews` VALUES ('532', '301', null, '5', null, '2015-10-15 10:51:37');
INSERT INTO `item_reviews` VALUES ('533', '302', null, '5', null, '2015-10-15 10:51:37');
INSERT INTO `item_reviews` VALUES ('534', '303', null, '4', null, '2015-10-15 10:51:37');
INSERT INTO `item_reviews` VALUES ('535', '304', null, '2', null, '2015-10-15 10:51:37');
INSERT INTO `item_reviews` VALUES ('536', '305', null, '2', null, '2015-10-15 10:51:37');
INSERT INTO `item_reviews` VALUES ('537', '306', null, '3', null, '2015-10-15 10:51:37');
INSERT INTO `item_reviews` VALUES ('538', '307', null, '3', null, '2015-10-15 10:51:37');
INSERT INTO `item_reviews` VALUES ('539', '308', null, '4', null, '2015-10-15 10:51:37');
INSERT INTO `item_reviews` VALUES ('540', '309', null, '5', null, '2015-10-15 10:51:37');
INSERT INTO `item_reviews` VALUES ('541', '310', null, '2', null, '2015-10-15 10:51:37');
INSERT INTO `item_reviews` VALUES ('542', '311', null, '2', null, '2015-10-15 10:51:37');
INSERT INTO `item_reviews` VALUES ('543', '312', null, '4', null, '2015-10-15 10:51:37');
INSERT INTO `item_reviews` VALUES ('544', '313', null, '1', null, '2015-10-15 10:51:37');
INSERT INTO `item_reviews` VALUES ('545', '314', null, '1', null, '2015-10-15 10:51:37');
INSERT INTO `item_reviews` VALUES ('546', '315', null, '1', null, '2015-10-15 10:51:37');
INSERT INTO `item_reviews` VALUES ('547', '316', null, '3', null, '2015-10-15 10:51:37');
INSERT INTO `item_reviews` VALUES ('548', '317', null, '3', null, '2015-10-15 10:51:37');
INSERT INTO `item_reviews` VALUES ('549', '318', null, '2', null, '2015-10-15 10:51:37');
INSERT INTO `item_reviews` VALUES ('550', '319', null, '2', null, '2015-10-15 10:51:37');
INSERT INTO `item_reviews` VALUES ('551', '320', null, '3', null, '2015-10-15 10:51:37');

-- ----------------------------
-- Table structure for places
-- ----------------------------
DROP TABLE IF EXISTS `places`;
CREATE TABLE `places` (
  `id` int(11) NOT NULL AUTO_INCREMENT,
  `name` varchar(255) DEFAULT NULL,
  `aliases` varchar(255) DEFAULT NULL,
  PRIMARY KEY (`id`),
  FULLTEXT KEY `aliases` (`aliases`)
) ENGINE=InnoDB AUTO_INCREMENT=3 DEFAULT CHARSET=utf8;

-- ----------------------------
-- Records of places
-- ----------------------------
INSERT INTO `places` VALUES ('1', 'ΠΑΤΜΟΣ', 'ΠΑΤΜΟΣ PATMOS');
INSERT INTO `places` VALUES ('2', 'ΑΘΗΝΑ', 'ΑΘΗΝΑ ΑΤΤΙΚΗ ΑΘΗΝΑΙΝΩΝ ATHENS ATHINA ATTIKI ATTICA');

-- ----------------------------
-- Table structure for place_descriptions
-- ----------------------------
DROP TABLE IF EXISTS `place_descriptions`;
CREATE TABLE `place_descriptions` (
  `id` int(11) NOT NULL AUTO_INCREMENT,
  `place_id` int(11) DEFAULT NULL,
  `description` text,
  `section` varchar(255) DEFAULT NULL,
  `section_alias` varchar(255) DEFAULT NULL,
  PRIMARY KEY (`id`)
) ENGINE=InnoDB AUTO_INCREMENT=8 DEFAULT CHARSET=utf8;

-- ----------------------------
-- Records of place_descriptions
-- ----------------------------
INSERT INTO `place_descriptions` VALUES ('1', '1', 'Το ιερό νησί των Δωδεκανήσων έχει εδώ και χρόνια εξελιχτεί σε κοσμοπολίτικο, σοφιστικέ προορισμό, διατηρώντας παράλληλα τη μυστικιστική ατμόσφαιρα. Οι Έλληνες και ξένοι ( κυρίως Ιταλοί και Γάλλοι ) επισκέπτες παραμένουν σε μεγάλο βαθμό εκλεκτικοί, χαμηλών τόνων, με τάσεις εσωτερικής αναζήτησης, αλλά όχι απομόνωσης. Κέντρο του νησιού το λιμάνι της Σκάλας, αν και η παραδοσιακή κατάλευκη Χώρα με το υποβλητικό κάστρο στην κορυφή είναι «όλα τα λεφτά». Δαιδαλώδη στενά γύρω από το κάστρο, ξέφωτα και μικρές πλατείες, καλοδιατηρημένα αρχοντικά, δρομάκια με καμάρες και στοές που οδηγούν στην άκρη του βράχου χαρίζοντας ανεπανάληπτη θέα, προχωρημένα καταστήματα ρούχων και αξεσουάρ και παρεκκλήσια συνθέτουν ένα ονειρικό σκηνικό μέσα από μια διαδρομή χωρίς αρχή και τέλος. Ακόμη και όσοι δεν πιστεύουν, δεν παραλείπουν να επισκεφθούν τα δύο βασικά αξιοθέατα ( και προσκυνήματα ) του νησιού, το μοναστήρι του Ιωάννη του Θεολόγου στη Χώρα και τη Σπήλαιο της Αποκαλύψεως. Μόλις περάσετε την πύλη του κάστρου η ατμόσφαιρα αποκτά άλλη βαρύτητα, κάνοντας αισθητή τη μεταφυσική διάσταση του χώρου. Όσο για τις παραλίες, η ανατολική και η νότια πλευρά δεν θα σας απογοητεύσουν καθόλου. Τα καραβάκια θα σας πάνε μέχρι την Ψιλή Άμμο ( η καλύτερη του νησιού ), ενώ με αυτοκίνητο θα φτάσετε στο Διακόφτι, το Αγριολιβάδι, τη Λάμπη, τον Γερανό, τον Γροίκο και τον Κάμπο. Σχεδόν όλες διαθέτουν καλές ταβέρνες με φρέσκο ψάρι. Επίσης αφιερώστε μία ημέρα για μια βόλτα στα κοντινά νησιά: Λειψοί, Αρκοί και Αγαθονήσι. Ιδιαίτερα τελετουργικοί είναι και οι εορτασμοί του Πάσχα: το πιο χαρακτη­ριστικό από τα έθιμα που αναβιώνουν είναι η Τελετή του Νιπτήρος, η αναπαράσταση της κορύφωσης του Μυστικού Δείπνου, το πρωί της Μ. Πέμπτης στην Πλατεία Δημαρχείου.', 'Γενική περιγραφή', 'general');
INSERT INTO `place_descriptions` VALUES ('2', '1', 'Η Πάτμος (κοινώς Πάτινος), που σπάνια αναφέρεται από τους αρχαίους συγγραφείς, Θουκυδίδης (3, 33), Στράβων (10, 448), απαντάται επιγραφικά και ως «Πάτνος». Το όνομά της κάποιοι ετυμολογούν (και ο Κρίππεν) εκ του πάτνη = Φάτνη, ενώ άλλοι από το όρος Λάτμος της Μικράς Ασίας, όπου κατά τους αρχαίους χρόνους λατρευόταν ιδιαίτερα η Άρτεμις και ο κυνηγέτης ήρωας Ενδυμίωνας, απ΄ όπου και το πιθανότερο προήλθαν οι πρώτοι κάτοικοι του νησιού μεταφέροντας και τη λατρεία της Άρτεμης.\r\nΜεταγενέστερα η Πάτμος αναφέρεται στα έργα «Σταδιασμοί Μεγάλης Θαλάσσης» (280-284) και «Οικουμένης περιήγηση» του Ευσταθίου (530), καθώς και από τον Λατίνο συγγραφέα Πλίνιο (Φυσική Ιστορία 4, 12, 23). Εκτός του ότι οι αρχαίοι κάτοικοι της Πάτμου και Λέρου είχαν κοινή προστάτιδα θεά την Άρτεμη, ήταν εντελώς άσημοι μέχρι και τους ρωμαϊκούς χρόνους, όπου το νησί ήταν τόπος εξορίας πολιτικών καταδίκων. Αυτόν τον χαρακτήρα διατήρησε και στους πρώτους χριστιανικούς χρόνους, όπου και εξορίστηκε ο μαθητής του Ιησού Ιωάννης ο Θεολόγος και που συνέγραψε στην Πάτμο την Αποκάλυψη και το φερώνυμο αυτού «Ευαγγέλιο», τα ιερά βιβλία των Χριστιανών στην Καινή Διαθήκη.\r\nΠερί τον Δέκατο αιώνα η Πάτμος φαίνεται να έχει υποστεί πολλά δεινά από τους πειρατές, όπως όλα τα νησιά του Αιγαίου και μνημονεύεται ως άσημος και σχεδόν έρημος νήσος. Ο 11ος αιώνας βρίσκει την Πάτμο να λαμβάνει νέα ζωή. Μετά την πτώση της Κωνσταντινούπολης (1453) στο νησί κατέφυγαν πολλοί πρόσφυγες από την «Πόλη» και συν-αναπτύχθηκε ολόκληρος οικισμός που αργότερα προστέθηκαν και άλλοι πρόσφυγες προερχόμενοι από Κρήτη. Αυτός και ο οικισμός της Χώρας Πάτμου.\r\nΟι κάτοικοι της Πάτμου, λόγω του άγονου του νησιού και μη έχοντας άλλο πόρο ζωής, αναγκάσθηκαν να επιδοθούν στη ναυτιλία και το εμπόριο διαθέτοντας στην αρχή μικρά πλοία. Για επαγγελματικούς και μόνο λόγους φρόντιζαν πάντα να διατηρούν «αγαθές σχέσεις» τόσο με τους Οθωμανούς όσο και με τους Λατίνους, εξαγοράζοντας την ησυχία, ασφάλεια και ελευθερία τους με φόρους και δώρα που κατέβαλαν συχνά στους Τούρκους και τους Ενετούς.\r\nΤο 17ο αιώνα η Πάτμος με τη συνύπαρξη της Μονής είχε καταστεί ναυτικό και εμπορικό κέντρο. Κατά την περίοδο του υπέρ 20ετούς Ενετοτουρκικού πολέμου του λεγόμενου Κρητικού (1645 – 1669), η Πάτμος λειτουργούσε ως ναύσταθμος των Ενετών, όπου με τη λήξη του πολέμου αυτού η μεν Κρήτη περιήλθε στους Ενετούς, ενώ η Πάτμος καταλήφθηκε από τους Τούρκους. Παρά ταύτα οι κάτοικοι συνέχισαν να αποκτούν περισσότερα πλοία, η δε Μονή δια της Πατμιάδος Σχολής περισσότερη αίγλη. Η Πάτμος, κατά τις ειδήσεις των ταξιδιωτών εκείνης της εποχής, φέρεται να μην είχε ποτέ ξένους μόνιμους κατοίκους εκτός από ΄Ελληνες και μόνο, όπως και στη συνέχεια μέχρι σήμερα.\r\nΤο 1770 κατά την επανάσταση του Ορλόφ, η Πάτμος καταλήφθηκε από τον Ρωσικό στόλο και σε γενόμενη τότε απογραφή βρέθηκε να αριθμεί 510 οικίες και 2.086 κατοίκους. Με τη συνθήκη Κιουτσούκ-Καϊναρτζή (1774) οι Πάτμιοι επωφελούμενοι της παρουσίας των Ρώσων προξένων στο Αιγαίο και χρησιμοποιώντας τη ρωσική σημαία κατασκεύασαν μεγάλα πλοία και επιδόθηκαν στο θαλάσσιο εμπόριο. Η Πάτμος, που ήταν επίσης γενέτειρα του ενός των ιδρυτών της Φιλικής Εταιρείας του Εμμανουήλ Ξάνθου, με την έκρηξη της «Επανάστασης» στην Πελοπόννησο κατέστη ναυτικό επαναστατικό κέντρο και πολλοί κάτοικοί της έλαβαν μέρος στον αγώνα της Εθνεγερσίας.\r\nΜετά τη συνθήκη Κωνσταντινουπόλεως (9 Ιουλίου 1832) η Πάτμος περιήλθε και πάλι στην Οθωμανική αυτοκρατορία, όπου και παρέμεινε μέχρι το 1912, οπότε καταλήφθηκε από τους Ιταλούς στους οποίους και παρέμεινε μέχρι την κατάρρευση του Φασισμού, περί το θέρος του 1943, οπότε τους αντικατέστησαν γερμανικοί σχηματισμοί που με τη κατάρρευση του Ναζισμού παραδόθηκαν στους Συμμάχους. Τέλος, με τη συνθήκη 10 Φεβρουαρίου του 1947 ενσωματώθηκε στην Ελλάδα μαζί με τα υπόλοιπα πρώην ιταλοκρατούμενα νησιά που απετέλεσαν τη Γενική Διοίκηση Δωδεκανήσου.\r\n', 'Ιστορία', 'history');
INSERT INTO `place_descriptions` VALUES ('3', '1', 'Οργανωμένη παραλία εύκολα προσβάσιμη από τη Σκάλα, ο Κάμπος έχει οικογενειακό προφίλ, καθώς διαθέτει ταβέρνες, cafes και θαλάσσια σπορ. Η Ψιλή Άμμος θεωρείται η ομορφότερη παραλία του νησιού ( έχει και μία ταβέρνα ), αλλά είναι προσβάσιμη μόνο με καΐκι ή με πεζοπορία 20 λεπτών σε μονοπάτι. Το οργανωμένο, αμμουδερό Αγριολίβαδο, με τα αλμυρίκια, τις ταβέρνες και τη νεανική ατμόσφαιρα, είναι εύκολα προσβάσιμο από τη Σκάλα. Βορεινή, σχετικά απομονωμένη παραλία, η Λάμπη ήταν κάποτε γνωστή για τα πολύχρωμα βότσαλά της, τα οποία δεν είναι πλέον και τόσο πολλά! Από τις πιο ήσυχες παραλίες του νησιού είναι ο βοτσαλωτός Γερανός, χωρίς ξαπλώστρες, αλλά με αλμυρίκια κι ένα μικρό νησάκι με μια εκκλησία απέναντι να δημιουργούν ειδυλλιακό σκηνικό. \r\nΜια απότομη κατηφόρα θα σας οδηγήσει στη μη οργανωμένη βοτσαλωτή Βαγιά \r\nμε τα αλμυρίκια και τα ωραία νερά.\r\n', 'Παραλίες', 'beaches');
INSERT INTO `place_descriptions` VALUES ('4', '1', 'Καΐκια εκτελούν δρομολόγια για τα μικρονήσια, τα οποία που συνθέτουν τη λεγόμενη Πολυνησία του Αιγαίου. Τα Τηγανάκια στους Αρκιούς έχουν εντυπωσιακά νερά, ενώ το Μαράθι ( νησίδα που ανήκει στο σύμπλεγμα των Αρκιών ) έχει γίνει hot spot των σκαφάτων, με δημοφιλείς ταβέρνες.', 'Εκδρομές', 'trips');
INSERT INTO `place_descriptions` VALUES ('5', '1', 'Δοκιμάστε τις τοπικές τυρόπιτες ( σαν τάρτες ) και τα γλυκά, όπως το πουγκί με φύλλο, αμύγδαλο, καρύδι και μέλι.', 'Γαστρονομία', 'gastronomy');
INSERT INTO `place_descriptions` VALUES ('6', '1', 'Ακτοπλοϊκώς :Με επιβατικά πλοία ή φέρρυ-μποτ εκτελούνται δρομολόγια σε καθημερινή βάση από τον Πειραιά προς την Σκάλα της Πάτμου, το ταξίδι διαρκεί περίπου 10 ώρες. Για περισσότερες πληροφορίες απευθυνθείτε στο Πρακτορείο και Λιμεναρχείο Πειραιώς. Επίσης συνδέεται με πλοία από το Πειραιά με προορισμό την Λέρο, Κάλυμνο, Κω, Ρόδο, Πάρο, Αμοργό, Αστυπάλαια, Κάσο, Σητεία και Αγ.Νικόλαο Κρήτης. Η τοπική γραμμή Δωδεκανήσου συνδέει το νησί της Πάτμου με Αρκούς, Πυθαγόρειο Σάμου, Αγαθονήσι, Λειψούς, Λέρο, Κάλυμνο, Κώ, Νίσυρο, Τήλο, Σύμη, Ρόδο, Κυκλάδες και νησιά Ανατολικού Αιγαίου.\r\n\r\nΑπευθείας δρομολόγια εκτελούνται από την Πάτμο προς Λειψούς και Αρκούς με διάρκεια ταξιδιού 1 ώρα και 15 λεπτά, προς Λέρο με διάρκεια ταξιδιού 2 ώρες και 30 λεπτά, προς Λέρο και Κω. Από Θεσσαλονίκη υπάρχει δρομολόγιο μέσω των νησιών Ικαρία-Σάμο-Χίο-Λέσβο. Με μεγάλα φέρρυ-μπότ της γραμμής Δωδεκανήσου και μεταβίβαση σε Κω και Λέρο. Απευθείας δρομολόγιο υπάρχει με το νησί της Σάμου και της Ικαρίας ενώ με την Ρόδο συνδέεται μέσω της διαδρομής Σύμη-Τήνο-Νίσυρο-Κώ-Κάλυμνο-Λέρο-Λειψούς-Πάτμο.\r\n\r\nΤα ιπτάμενα δελφίνια συνδέουν το νησί με την Κω με διάρκεια ταξιδιού 2 ώρες, Λέρο σε 30 λεπτά και Ρόδο σε 3 ώρες και ακόμη μέσω της διαδρομής Ρόδος-Κώ-Κάλυμνος-Λέρος-Πάτμπς-Σάμος. Για περισσότερες πληροφορίες απευθυνθείτε στο Λιμεναρχείο Πάτμου και στο πρακτορείο ιπτάμενων δελφινιών. Οργανωμένες θαλάσσιες εκδρομές στο νησί δεν προσφέρονται, όμως με μικρά πλοία τοπικών δρομολογίων  έχετε την δυνατότητα να επισκεφτείτε αρκετούς παραθαλάσσιους οικισμούς και απρόσιτους για τους περισσότερους κόλπους και αμμουδιές. Επίσης μπορείτε να μεταβείτε στα γειτονικά νησιά, στο νησί της Άρτεμης την Λέρο, στο νησί των σφουγγαράδων την Κάλυμνο, στο νησί της Καλυψώ το Λειψοί και το νησί του Ιπποκράτη την Κω. Τα πλοία αυτά αναχωρούν από το λιμάνι του νησιού και εκτελούν δρομολόγια σε συχνή βάση.\r\n\r\nΑεροπορικώς :\r\nTο νησί δεν διαθέτει αεροδρόμιο, όμως μπορείτε να πάτε μέσω των αεροδρομίων της Κώ ή της Σάμου. Για περισσότερες πληροφορίες απευθυνθείτε στην Ολυμπιακή Αεροπορία.\r\n', 'Μετακινήσεις', 'transport');
INSERT INTO `place_descriptions` VALUES ('7', '1', 'Η Πάτμος κατά τη θρησκευτική ιστορία γίνεται γνωστή από τον 1ο αιώνα από την παρουσία εκεί ως εξόριστου για δύο χρόνια του Ιωάννου του Θεολόγου, μαθητή του Ιησού, ο οποίος βρισκόμενος στη σπηλιά της Αγίας Άννας συνέγραψε το «Ευαγγέλιο» (πιθανώς) και την «Αποκάλυψη», όπως ο ίδιος μαρτυρεί: «Εγενόμην εν τη νήσω τη καλουμένη Πάτμω δια τον λόγον του Θεού και δια την μαρτυρίαν του Ιησού Χριστού. Εγενόμην εν πνεύματι εν τη Κυριακή ημέρα και ήκουσα οπίσω μου φωνήν ως σάλπιγγος λεγούσης: ό βλέπεις γράψον εις βιβλίον και πέψον ταις επτά Εκκλησίαις» (Αποκάλυψη α , 9). Στη Σκάλα (επίνειο) σώζονται τα δύο εκκλησάκια αφιερωμένα το μεν ένα στον Ιωάννη τον Ευαγγελιστή και το άλλο στους μαθητές του Πολύκαρπο και Πρόχορο.\r\nΜετά το θάνατο του Ιωάννη του Θεολόγου στην Έφεσο, περί το έτος 100, η Πάτμος πέφτει στην αφάνεια για οκτώ αιώνες, όταν το 904 μετά την άλωση της Θεσσαλονίκης από τους κουρσάρους του Λέοντα του Τριπολίτη, οι αιχμάλωτοι Θεσσαλονικείς προσορμίσθηκαν στο νησί. Ο Βυζαντινός ιστορικός Ιωάννης Καμενιάτης, που έγραψε το χρονικό της τραγωδίας εκείνης, σημειώνει τα ακόλουθα:«Ούτω φερόμενοι κατηντήσαμεν είς τινα νήσον, Πάτμον καλουμένην, ένθα δή και προσεμείναμεν εξ ημέρας, παντός χαλεπού πείραν εν αυτή καθυπομένοντες, ανύδρου γαρ όντος του τόπου εληΐζετο τους αιχμαλώτους η δίψα».\r\nΤο έρημο αυτό νησί άρχισε να εποικίζεται στις αρχές της δεύτερης χιλιετίας, όταν ο μοναχός Όσιος Χριστόδουλος από τη Βιθυνία έλαβε από τον Αυτοκράτορα του Βυζαντίου Αλέξιο Α\' τον Κομνηνό (1081 – 1118) την άδεια να ιδρύσει στην Πάτμο τη Μονή Ιωάννου του Θεολόγου επί υψώματος ψηλότερα από του σπηλαίου της Αποκαλύψεως ακριβώς επί του αρχαίου βωμού της Θεάς Άρτεμης.\r\nΗ εν λόγω περίτειχη Μονή κτίσθηκε σε μορφή μεσαιωνικού κάστρου με επάλξεις και τείχη επιστήριξης με καθολικό στο κέντρο αυτής, μικρό μεν, αλλά περίλαμπρο στην τέχνη, καθώς και με άλλα πέριξ κτίσματα και κελιά, καθώς και δεξαμενές. Πέριξ της Μονής άρχισαν να εγκαθίστανται πλην μοναχών και κοσμικοί με τις οικογένειές τους ανεγείροντας οικίες και έχοντας ως άσυλο την εν είδει κάστρου οχυρωμένη Μονή σε περίπτωση κινδύνου πειρατικής επιδρομής. Έτσι η Μονή συνδέθηκε με την ιστορία και την ανάπτυξη του νησιού.\r\nΕπίσης, με χρυσόβουλο του ίδιου του Αυτοκράτορα Αλέξιου Α\' το 1088 ιδρύεται στη Μονή η Πατμιάδα Σχολή, η οποία, σύμφωνα με το ιδρυτικό χρυσόβουλο, φέρει την ονομασία «Φροντιστήριο μαθητών». Η έναρξη λειτουργίας της, όμως, καταγράφεται το έτος 1534, που οργανώθηκε από το Μητροπολίτη Νεοκαισαρείας Γρηγόριο και συστηματικότερα από το 17ο αιώνα, όταν εξασφαλίσθηκε η οικονομική συντήρηση από τον επιφανή Έλληνα Μανωλάκη Καστοριανό, κάτοικο Κωνσταντινούπολης και στη συνέχεια από το 1713 που ανέλαβε τη διδασκαλία σ΄ αυτήν ως γυμνασιάρχης ο Πάτμιος στην καταγωγή Μακάριος Καλογεράς.\r\nΤο 1769 με Πατριαρχικό σιγίλιο η Σχολή μεταρρυθμίζεται σε «Κοινή Σχολή του Γένους», οπότε και ανέλαβε τη γυμνασιαρχία αυτής ο Πάτμιος Δανιήλ Κεραμεύς. Τη Σχολή της Πάτμου, από την οποία προήλθαν πλείστοι διδάσκαλοι του Γένους, λόγιοι και διάσημοι Αρχιερείς και Πατριάρχες, συντηρούσε στα τέλη του 19ου αιώνα και μέχρι του 1912 ο εν Αθήναις ιδρυθείς σύλλογος των Μικρασιατών «Ανατολή», ενώ ήδη στη Σχολή λειτουργεί Ιερατική Σχολή με καθηγητές του Ελληνικού κράτους και λογίους μοναχούς παρέχουσα τη μόρφωση πλήρους Γυμνασίου και Εκκλησιαστικού Λυκείου αναγνωρισμένη ως κρατικό ίδρυμα.a\r\n\r\nΖΩΟΔΟΧΟΥ ΠΗΓΗΣ\r\nΗ μονή βρίσκεται στο νοτιοδυτικό τμήμα της Χώρας. Για να έρθεις εδώ παίρνεις το δρόμο για τη Χώρα και φτάνεις στην πλατεία ‘Λοσά\' όπου βρίσκεται η προτομή του Εμμανουήλ Ξάνθου, εδώ ήταν η παλιά αγορά και τώρα συναντάς το δημαρχείο.\r\n\r\n\r\nΜΟΝΗ ΑΓΙΟΥ ΙΩΑΝΝΗ ΘΕΟΛΟΓΟΥ\r\nΤο πρώτο πράγμα που προσέχει κανείς στην Πάτμο είναι το μοναστήρι του \r\nΆγιου Ιωάννη του Θεολόγου ή Ευαγγελιστή. Στέκεται σαν κορώνα στο λόφο \r\nτης Χώρας και θυμίζει βυζαντινό κάστρο. Ιδρύθηκε το 1088 από τον Όσιο \r\nΧριστόδουλο στον οποίο δώρισε το νησί ολόκληρο ο Αυτοκράτορας του \r\nΒυζαντίου Αλέξιος Ι.Κομνηνός.\r\nΤο ύψος της μονής ξεπερνά τα 15 μέτρα, το μήκος του από το βορρά ως το \r\nνότο είναι 53 μέτρα και από την ανατολή ως τη δύση 70. Αν σταθείς στην\r\n είσοδο, όπου υπάρχει μια σιδερένια ενισχυμένη πόρτα, και κοιτάξεις ψηλά, \r\nφαίνεται ακόμα μεγαλύτερο.\r\n\r\n\r\n\r\n\r\nΜΟΝΗ ΚΑΛΟΓΡΑΙΩΝ ΤΟΥ ΕΥΑΓΓΕΛΙΣΜΟΥ\r\n\r\n\r\n\r\nΤο μοναστήρι του Ευαγγελισμού βρίσκεται στο νοτιοδυτικό πλευρό της \r\nΧώρας, σε απόσταση 15 λεπτών με τα πόδια από τη στάση του λεωφορείου.\r\nΈχει πανοραμική θέα στον Κόλπου των Κήπων.\r\nΗ μονή ήταν αρχικά μικρό εκκλησάκι ερημητήριο μέχρι το 1613, \r\nόταν ένας ηγούμενος από το μοναστήρι του Άγιου Ιωάννη, ο Νικηφόρος, \r\nανακαίνισε το κτήριο και το αφιέρωσε στον Λουκά τον Ευαγγελιστή. \r\nΤο 1937 προστέθηκαν νέα κτίσματα από τον καλόγερο Αμφιλόχιο Μακρή \r\nο οποίος και ίδρυσε τη μονή του Ευαγγελισμού.\r\n\r\nΤΟ ΣΠΗΛΑΙΟ ΚΑΙ ΤΟ ΜΟΝΑΣΤΗΡΙ ΤΗΣ ΑΠΟΚΑΛΥΨΗΣ\r\n\r\nH Πάτμος ειναι το νησί όπου ο απόστολος του Ιησού Ιωάννης έγραψε το 27ο \r\nκαι τελευταίο βιβλίο της Καινής Διαθήκης την, \"Αποκάλυψη\", το 95μχ.\r\nΟ Ιωάννης ο Θεολόγος γνωστός και ως ο αγαπημένος μαθητής του Ιησού, \r\nήρθε στο νησί εξόριστος μαζί με τον μαθητή του Πρόχωρο και παρέμειναν \r\nεδώ για 18 μήνες. Το 97μ.χ. γύρισαν στην Έφεσο όπου, σύμφωνα με την \r\nεπικρατέστερη θεωρία, ο Ιωάννης έγραψε το τέταρτο ευαγγέλιο.\r\n\r\nΟ Πρόχωρος περιγράφοντας το μέρος ανάπαυσης του Ιωάννη \"φωτογραφίζει\"\r\nτο σπήλαιο της Αποκάλυψης. \r\nΠρόκειται ουσιαστικά για μια κοιλότητα μέσα στη γη όπου ο Απόστολος της \r\nΑγάπης είχε ένα θεϊκό όραμα έπειτα από το οποίο έγραψε το βιβλίο της Αποκάλυψης,\r\n υπαγορεύοντάς το στον Πρόχωρο. \r\nΟ Θεός αποκαλύφθηκε εδώ στον Ιωάννη, πατώντας στο έδαφος, \r\nέτσι το μέρος θεωρείται Θεοβάδιστο και αποκαλείται συχνά Ιεροσόλυμα της Μεσογείου.\r\n', 'Μοναστήρια', 'monastery');

-- ----------------------------
-- Table structure for place_paths
-- ----------------------------
DROP TABLE IF EXISTS `place_paths`;
CREATE TABLE `place_paths` (
  `id` int(11) NOT NULL AUTO_INCREMENT,
  `place_id` int(11) DEFAULT NULL,
  `path` text,
  `description` varchar(255) DEFAULT NULL,
  `image` varchar(200) DEFAULT NULL,
  PRIMARY KEY (`id`)
) ENGINE=InnoDB AUTO_INCREMENT=9 DEFAULT CHARSET=utf8;

-- ----------------------------
-- Records of place_paths
-- ----------------------------
INSERT INTO `place_paths` VALUES ('1', '1', '37.323442,26.543586|37.323305,26.543506|37.323218,26.543452|37.323071,26.543381|37.322823,26.543401|37.322651,26.543373|37.322453,26.543247|37.32209,26.542916|37.322029,26.542818|37.321948,26.542653|37.321899,26.542379|37.321835,26.542156|37.321796,26.542089|37.32177,26.542068|37.321656,26.541962|37.321434,26.541951|37.321097,26.542095|37.320902,26.54217|37.32069,26.542123|37.320283,26.542089|37.320008,26.54242|37.319776,26.542767|37.319477,26.543051|37.319062,26.543364|37.318804,26.543381|37.318444,26.543375|37.318179,26.543391|37.317807,26.543502|37.317507,26.543673|37.317383,26.543683|37.317093,26.543615|37.317013,26.543568|37.316662,26.543291|37.316494,26.543163|37.316498,26.543148|37.316275,26.542973|37.315975,26.542749|37.315861,26.542677|37.315723,26.542538|37.31559,26.542513|37.31508,26.54263|37.31501,26.542578|37.315068,26.542466|37.314997,26.542434|37.314934,26.542465|37.314915,26.542555|37.314812,26.542662|37.314426,26.542718|37.314222,26.542859|37.313946,26.543101|37.313778,26.543324|37.313698,26.543419|37.313506,26.543693|37.313259,26.544052|37.312996,26.544283|37.312763,26.54439|37.312653,26.544401|37.312271,26.544502|37.312111,26.544523|37.311811,26.544485|37.311588,26.544613|37.311421,26.544589|37.311066,26.544952|37.31089,26.545124|37.310661,26.545485|37.310583,26.545625|37.310558,26.545698|37.310486,26.545837|37.310369,26.546072|37.310104,26.546726', 'ΑΠΟΚΑΛΥΨΙΣ', '1.jpg');
INSERT INTO `place_paths` VALUES ('2', '1', '37.310111,26.550003|37.310256,26.550068|37.310327,26.550094|37.310505,26.550111|37.310649,26.550201|37.310976,26.550373|37.311306,26.550383|37.311423,26.550367|37.311565,26.550337|37.311775,26.550348|37.311874,26.550472|37.311977,26.55051|37.312046,26.55056|37.31216,26.55069|37.312206,26.550789|37.312241,26.550821|37.312339,26.550867|37.312428,26.550926|37.312763,26.551089|37.31287,26.551098|37.312931,26.55113|37.31311,26.551142|37.313148,26.551117|37.313198,26.551085|37.313358,26.55098|37.313412,26.550959|37.313423,26.550991|37.313438,26.551193|37.313427,26.551247|37.313454,26.55127|37.31369,26.551235|37.313887,26.551037|37.313945,26.550981|37.314041,26.550969|37.314137,26.550975|37.31419,26.550978|37.314249,26.551013|37.314421,26.550924|37.31448,26.550835|37.314547,26.550796|37.314663,26.550891|37.314732,26.550911|37.314934,26.550972|37.314987,26.550943|37.315052,26.550829|37.315121,26.550642|37.315166,26.550434|37.315315,26.550648|37.315388,26.550611|37.31546,26.550505|37.315472,26.550468|37.315586,26.550325|37.315639,26.550152|37.31575,26.549952|37.315811,26.549789|37.315998,26.549692|37.316132,26.549572|37.316158,26.549517|37.316166,26.549423|37.316219,26.549242|37.316441,26.549084|37.316566,26.549028|37.316734,26.548866|37.316841,26.548828|37.31699,26.548847|37.317196,26.548782|37.317482,26.548723|37.317459,26.548723|37.317719,26.548702|37.317783,26.548731|37.317997,26.548704|37.318184,26.548611|37.318428,26.548452|37.318516,26.548433|37.318657,26.548298|37.318783,26.548271|37.318916,26.548286|37.319008,26.548233|37.319099,26.547819|37.319142,26.547651|37.319363,26.547531|37.319718,26.547483|37.319889,26.547333|37.319984,26.547268|37.320183,26.547054|37.320328,26.546852|37.320498,26.546651|37.320673,26.546504|37.32077,26.546268|37.32082,26.546162|37.32103,26.546046|37.321165,26.546002|37.321346,26.545937|37.321628,26.545848|37.321841,26.545727|37.321953,26.545662|37.322113,26.545668|37.322247,26.545695|37.322421,26.545702|37.322509,26.545706|37.322578,26.545509|37.322623,26.545426|37.322688,26.545351|37.322785,26.545321|37.322929,26.545328|37.323044,26.545191|37.32328,26.544704|37.323402,26.544485|37.323395,26.544462|37.323309,26.544426|37.323303,26.544323|37.323339,26.544095|37.323396,26.543772|37.323444,26.543606', 'ΑΠΟΡΘΙΑΝΟΣ ΑΝΕΜΟΜΥΛΟΙ', '2.jpg');
INSERT INTO `place_paths` VALUES ('3', '1', '37.325629,26.542801|37.325779,26.542649|37.325888,26.542427|37.325881,26.54222|37.325863,26.541848|37.325829,26.541388|37.325776,26.541085|37.325633,26.540821|37.325519,26.540747|37.325419,26.540745|37.324917,26.540966|37.324748,26.541048|37.324597,26.541027|37.324423,26.541126|37.323891,26.541597|37.323559,26.541849|37.323517,26.541924|37.32346,26.541801|37.323337,26.541522|37.323303,26.541315|37.323524,26.541109|37.323681,26.54084|37.323924,26.540457|37.323995,26.54031|37.324146,26.539701|37.32407,26.539588|37.323935,26.539491|37.323845,26.539326|37.323853,26.539192|37.323975,26.538992|37.323986,26.538884|37.324116,26.538673|37.324134,26.538595|37.324339,26.538365|37.324502,26.538097|37.324508,26.538044|37.324587,26.537977|37.324669,26.537913|37.324702,26.537881|37.324763,26.537836|37.324788,26.537774|37.324989,26.537645|37.325055,26.537598|37.325121,26.537554|37.325269,26.537449|37.325447,26.537369|37.325591,26.53729|37.325742,26.537219|37.325828,26.53718|37.325871,26.537149|37.325905,26.537106|37.325969,26.537066|37.326156,26.536987|37.32628,26.536942|37.326356,26.536883|37.326459,26.536794|37.326555,26.536697|37.326616,26.536624|37.32667,26.536551|37.326728,26.53641|37.326756,26.536314|37.326783,26.536123|37.326781,26.53595|37.326748,26.535732|37.326724,26.535683|37.326709,26.535466|37.326688,26.535375|37.326614,26.535197|37.326654,26.53477|37.326618,26.534742|37.326572,26.534776|37.326442,26.534728|37.326388,26.534808|37.326291,26.534959|37.326244,26.535004|37.326209,26.535067|37.326138,26.535158|37.32597,26.535187|37.326128,26.535137|37.326201,26.535055|37.326231,26.534992|37.326274,26.534943|37.326381,26.534791|37.32644,26.53471|37.326569,26.53476|37.326619,26.534724|37.32667,26.534757|37.32663,26.535191|37.326704,26.535363|37.326726,26.535462|37.32674,26.535673|37.326863,26.535902|37.3269,26.536214|37.326979,26.536351|37.326997,26.536519|37.32702,26.536689|37.327062,26.536821|37.327128,26.537014|37.32718,26.537275|37.327351,26.537546|37.327496,26.538139|37.327835,26.538317|37.328054,26.538316|37.328254,26.538315|37.328465,26.538398|37.328596,26.538469|37.328783,26.538604|37.329057,26.53881|37.329788,26.539175|37.329957,26.540006|37.330016,26.540112|37.330223,26.540421|37.329534,26.540525|37.329333,26.54073|37.329176,26.540898|37.328717,26.541133|37.327705,26.541541|37.327553,26.54167|37.327513,26.541745|37.327472,26.541802|37.327399,26.541996|37.327101,26.54207|37.326988,26.542202|37.326591,26.542086|37.326446,26.541965|37.326375,26.541793|37.326278,26.541675|37.326242,26.541502|37.326145,26.541502|37.326085,26.541463|37.325859,26.541562|37.32587,26.541809|37.325896,26.54218|37.325902,26.542424|37.325849,26.542548|37.325823,26.542599|37.32574,26.542727', 'ΚΑΣΤΕΛΙ', '3.jpg');
INSERT INTO `place_paths` VALUES ('4', '1', '37.308485,26.550588|37.30847,26.550767|37.308426,26.550957|37.308456,26.551036|37.308431,26.551109|37.308312,26.551195|37.30817,26.551351|37.307883,26.551636|37.307649,26.55188|37.307537,26.551897|37.307454,26.551879|37.3074,26.551956|37.307339,26.552137|37.307289,26.552345|37.30733,26.552484|37.307427,26.552808|37.307421,26.552981|37.307279,26.553077|37.307238,26.553161|37.307177,26.553333|37.307123,26.553645|37.307119,26.553707|37.30714,26.553758|37.307175,26.55379|37.307271,26.553783|37.3073,26.55381|37.307298,26.553946|37.307305,26.554052|37.307236,26.554266|37.307236,26.554272|37.307145,26.554617|37.307019,26.554827|37.306912,26.554942|37.306833,26.555306|37.306656,26.555571|37.306489,26.555635|37.306322,26.55588|37.30629,26.556038|37.306201,26.556422|37.306168,26.556652|37.306121,26.556719|37.305991,26.556868|37.305944,26.556941|37.305922,26.55704|37.30591,26.557265|37.305935,26.557637|37.305953,26.557786|37.305951,26.557959|37.305938,26.558159|37.30597,26.558407|37.306056,26.558813|37.30608,26.558923|37.306057,26.559039|37.306,26.559081|37.305891,26.559102|37.305576,26.559132|37.305519,26.559128|37.305465,26.55913|37.305439,26.559154|37.305492,26.559429|37.305493,26.559604|37.305473,26.559838|37.305435,26.559992|37.305363,26.56012|37.305298,26.56006|37.305202,26.560041|37.305117,26.560168|37.305326,26.560468|37.305207,26.560459|37.305077,26.560299|37.304982,26.560211|37.304906,26.56013|37.304872,26.560095|37.304786,26.560069|37.304697,26.5601|37.304467,26.560205|37.304281,26.560296|37.304131,26.560392|37.304021,26.560436|37.303917,26.56044|37.303674,26.560386|37.303468,26.560329|37.303238,26.560592|37.303062,26.56078|37.30301,26.560932|37.302959,26.561061|37.302824,26.560798|37.302605,26.560611|37.302261,26.560446|37.302031,26.560335|37.301849,26.560322|37.301749,26.560355|37.301654,26.560405|37.301454,26.560543|37.301254,26.560658|37.301091,26.560625|37.300658,26.560587|37.300554,26.560534|37.300488,26.56047|37.300385,26.560331|37.300304,26.560266|37.300232,26.560261|37.29994,26.560179|37.299828,26.56014|37.29959,26.560005|37.299246,26.559969|37.298894,26.559987|37.298327,26.56005|37.297855,26.560032|37.297649,26.560053|37.297495,26.560042|37.297365,26.559968|37.29713,26.559937|37.296971,26.559946|37.296854,26.559959|37.296786,26.559847|37.296715,26.559748|37.296637,26.559612|37.296555,26.559572|37.295902,26.55979|37.295656,26.559756|37.295021,26.55989|37.294793,26.559815|37.2947,26.559753|37.294559,26.559754|37.294443,26.559775|37.294199,26.55981|37.294122,26.55979|37.294006,26.559774|37.293649,26.559839|37.29306,26.559616|37.292893,26.559562|37.2927,26.559514|37.292588,26.559505|37.292328,26.559672|37.292035,26.559804|37.291868,26.559985|37.291627,26.560033|37.291378,26.559966|37.291261,26.559942|37.291092,26.559974|37.290955,26.560012|37.290797,26.560028|37.290703,26.560012|37.290567,26.560028|37.290456,26.560063|37.290191,26.55997|37.289741,26.559924|37.289663,26.559796|37.289442,26.559436|37.289263,26.55913|37.289157,26.558923|37.289028,26.558574|37.288931,26.558055|37.288825,26.557946', 'ΧΩΡΑ ΓΡΟΙΚΟΣ ΔΙΑΚΟΦΤΙ', '4.jpg');
INSERT INTO `place_paths` VALUES ('5', '1', '37.308312,26.543383|37.308277,26.543242|37.308279,26.543156|37.308132,26.54285|37.308011,26.542635|37.308019,26.542399|37.307772,26.541875|37.307547,26.541437|37.307541,26.541266|37.307417,26.541018|37.307349,26.540806|37.307351,26.540531|37.307288,26.540197|37.307407,26.539825|37.307445,26.539672|37.307515,26.539511|37.307603,26.53926|37.30783,26.538972|37.307814,26.538692|37.307805,26.538546|37.30772,26.53824|37.307681,26.538079|37.307653,26.537918|37.30751,26.537697|37.307419,26.537476|37.307387,26.537145|37.307392,26.537023|37.307427,26.536938|37.307406,26.536886|37.307349,26.536779|37.307407,26.536739|37.307492,26.536713|37.307556,26.536579|37.307464,26.536539|37.307372,26.536523|37.307167,26.536403|37.307022,26.536318|37.306953,26.536287|37.307022,26.536122|37.307242,26.535887|37.30726,26.535652|37.307188,26.535389|37.307144,26.535137|37.307163,26.534925|37.307206,26.53483|37.30728,26.534743|37.307068,26.534635|37.307004,26.534616|37.306861,26.534433|37.306813,26.534287|37.306758,26.533942|37.306747,26.533548|37.306793,26.533268|37.306831,26.533188|37.306716,26.533105|37.30637,26.53299|37.305813,26.53289|37.305662,26.532903|37.305283,26.533116|37.30521,26.533182|37.305214,26.533253|37.305214,26.533321|37.305155,26.533628|37.305146,26.533839|37.305228,26.533917|37.305374,26.533979|37.305404,26.534037|37.305403,26.5342|37.30526,26.534691|37.305144,26.53488|37.305043,26.5352|37.305028,26.535425|37.305116,26.535664|37.305136,26.53594|37.305028,26.535883|37.304974,26.535797|37.304919,26.535711|37.304904,26.535639|37.304787,26.535482|37.304727,26.535164|37.304671,26.535268|37.304645,26.535443|37.304672,26.53607|37.304754,26.536253|37.30479,26.536463|37.304835,26.536717|37.304874,26.53694|37.304918,26.537051|37.305016,26.537439|37.305048,26.537702|37.305045,26.537963|37.305051,26.538134|37.305105,26.538609|37.305032,26.539071|37.304934,26.539368|37.304808,26.539646|37.304802,26.539816|37.30485,26.539916|37.305011,26.539952|37.305153,26.539962|37.305378,26.539943|37.305517,26.539999|37.305679,26.540098|37.305901,26.540312|37.306127,26.54035|37.306532,26.54037|37.30664,26.540381|37.306745,26.540478|37.306864,26.540626|37.306976,26.540908|37.307096,26.541214|37.307342,26.541341|37.307545,26.541477|37.307757,26.54188|37.308003,26.542398|37.308001,26.542632|37.308116,26.542841|37.308265,26.543156|37.308266,26.543245|37.308279,26.543315|37.308298,26.543385', 'ΧΩΡΑ ΚΗΠΟΙ ΙΜ ΕΥΑΓΓΕΛΙΣΜΟΥ', '5.jpg');
INSERT INTO `place_paths` VALUES ('6', '1', '37.288819,26.558044|37.288577,26.558347|37.288318,26.558641|37.288082,26.558741|37.287876,26.559063|37.287693,26.559275|37.287598,26.559448|37.287628,26.559622|37.28771,26.559943|37.287682,26.560152|37.28765,26.560218|37.287544,26.56031|37.287491,26.560303|37.287388,26.560249|37.287334,26.560253|37.287249,26.56036|37.287163,26.560509|37.287113,26.560652|37.28709,26.561001|37.287022,26.56146|37.286915,26.562|37.286835,26.562223|37.28672,26.562395|37.286652,26.562443|37.286594,26.562668|37.286575,26.562819|37.286572,26.562958|37.286381,26.562838|37.286278,26.562768|37.28606,26.562701|37.285973,26.562699|37.285891,26.562661|37.285802,26.562564|37.285698,26.562556|37.285566,26.562497|37.285488,26.562511|37.285381,26.562536|37.28516,26.562425|37.285065,26.56242|37.284831,26.562372|37.284626,26.562197|37.284517,26.562199|37.284401,26.562337|37.284392,26.562746|37.284404,26.563201|37.284252,26.563141|37.28411,26.563188|37.284123,26.563109|37.284188,26.562857|37.284214,26.562563|37.284189,26.562459|37.284004,26.562333|37.283886,26.562231|37.283815,26.562218|37.283707,26.562155|37.2836,26.562023|37.283413,26.561911|37.283203,26.561872|37.283108,26.561892|37.283051,26.561852|37.282951,26.56171|37.282848,26.561661|37.282707,26.561661|37.282398,26.561785|37.282288,26.56176|37.281982,26.561611|37.281445,26.561302|37.281414,26.561241|37.281261,26.561174|37.281147,26.560976|37.280781,26.560728|37.280505,26.560651|37.280359,26.560787|37.279987,26.560886|37.279633,26.560863|37.279583,26.560904|37.27935,26.560984|37.27911,26.561111|37.278913,26.561229|37.278761,26.561203|37.278618,26.561105|37.278716,26.560913|37.278922,26.560646|37.278974,26.560484|37.279109,26.560271|37.279186,26.560053|37.279157,26.55991|37.278988,26.559711|37.279009,26.559619|37.278784,26.559231|37.278726,26.559041|37.278655,26.558858|37.278579,26.558734|37.278261,26.558452|37.278227,26.558261|37.278175,26.558006|37.278141,26.557613|37.278091,26.557402|37.278072,26.557083|37.278091,26.557013|37.278061,26.556841|37.278023,26.55657|37.277988,26.556458|37.277992,26.556286|37.277946,26.556107|37.277992,26.555984|37.278058,26.555431|37.278614,26.554314|37.278782,26.554092|37.278949,26.553612|37.279111,26.553359|37.279342,26.553072|37.27929,26.552872|37.278989,26.552791|37.278701,26.552632|37.278388,26.552528|37.278349,26.552359|37.278296,26.552188|37.278253,26.552062|37.278179,26.551873|37.278112,26.551656|37.278057,26.551513|37.278,26.551403|37.277958,26.55126|37.277908,26.551195|37.277859,26.551071|37.277805,26.551008|37.277554,26.55088|37.277531,26.550814|37.27745,26.550691|37.277393,26.550676|37.277204,26.550616|37.27712,26.550542|37.276894,26.550462|37.276802,26.550426|37.276765,26.550375|37.276662,26.550369|37.276682,26.550273|37.276733,26.550184|37.276803,26.550082|37.276838,26.549934|37.276877,26.549705|37.276901,26.549572|37.277111,26.549362|37.277138,26.549221|37.277138,26.54899|37.2771,26.548594|37.277061,26.548468|37.277016,26.548393|37.276947,26.548357|37.276955,26.548197|37.276913,26.548084|37.276905,26.547983|37.276917,26.547855|37.276878,26.547825|37.276878,26.547625|37.276894,26.547531|37.276905,26.54748|37.276955,26.547424|37.276951,26.547344|37.276909,26.547163|37.276943,26.547029|37.276871,26.546854|37.276871,26.54678|37.276855,26.546772|37.276855,26.546692|37.276886,26.546642|37.27689,26.546604|37.276886,26.546566|37.27684,26.546469|37.276863,26.546345|37.277008,26.546082|37.277131,26.545899|37.277252,26.545717|37.277359,26.545645|37.277657,26.545446|37.278003,26.545399|37.278427,26.545355|37.278591,26.545422|37.279061,26.545481|37.279255,26.54549|37.279441,26.5455|37.279524,26.545758|37.279641,26.545918|37.279747,26.54599|37.279977,26.546341|37.280028,26.546483|37.280059,26.546603|37.280136,26.546638|37.280174,26.546736|37.280193,26.546856|37.280169,26.547093|37.280333,26.546978|37.280424,26.546869|37.280473,26.546764|37.280538,26.546656|37.280586,26.546633|37.280672,26.546568|37.280783,26.546476|37.280774,26.546785|37.2808,26.54682|37.280803,26.547012|37.280754,26.547398|37.280755,26.547442|37.280794,26.547414|37.280865,26.547363|37.280921,26.547327|37.280955,26.547297|37.280987,26.547356|37.280978,26.547407|37.280983,26.547443|37.280991,26.547487|37.281011,26.547531|37.281023,26.547561|37.281022,26.547602|37.281013,26.547661|37.281014,26.547725|37.281023,26.5478|37.281017,26.547842|37.280993,26.547891|37.280978,26.54794|37.280972,26.548034|37.280987,26.54806|37.281027,26.548067|37.281059,26.548066|37.28109,26.54805|37.281142,26.548011|37.281197,26.547987|37.281238,26.548045|37.281233,26.548121|37.281225,26.54817|37.281229,26.548248|37.281208,26.54833|37.281214,26.548409|37.281148,26.548579|37.281154,26.548652|37.281186,26.548712|37.281272,26.548883|37.281311,26.548912|37.281612,26.548986|37.281841,26.548981|37.281991,26.549002|37.282242,26.548992|37.282349,26.549028|37.282461,26.549047|37.282619,26.549118|37.282661,26.549124|37.282725,26.549112|37.282818,26.549131|37.282892,26.549178|37.282907,26.549278|37.28294,26.549323|37.283012,26.54933|37.28316,26.549306|37.283308,26.549315|37.283375,26.549354|37.28353,26.549382|37.283558,26.549417|37.283628,26.549454|37.283682,26.549493|37.283735,26.549565|37.28375,26.549685|37.283802,26.549799|37.283764,26.549956|37.28369,26.550069|37.283671,26.550204|37.283713,26.550284|37.283798,26.550333|37.283924,26.550415|37.284032,26.550525|37.284136,26.550682|37.28423,26.550931|37.284376,26.551161|37.284546,26.551355|37.284638,26.551417|37.284728,26.551463|37.284786,26.551535|37.284876,26.551586|37.284953,26.551713|37.285105,26.551929|37.285194,26.552037|37.285268,26.552096|37.285286,26.55216|37.285267,26.552225|37.285371,26.552257|37.285453,26.552389|37.285495,26.552476|37.285517,26.552601|37.285385,26.553005|37.285305,26.553135|37.285255,26.553335|37.285294,26.553541|37.285345,26.553655|37.285465,26.553677|37.285503,26.553686|37.285542,26.553736|37.285622,26.55394|37.285702,26.554224|37.285789,26.554464|37.285877,26.554638|37.285927,26.554688|37.286121,26.555178|37.286404,26.555569|37.286472,26.555685|37.286503,26.555779|37.286602,26.555929|37.286884,26.55629|37.287205,26.556488|37.287457,26.556666|37.287502,26.556684|37.287548,26.556711|37.288136,26.556887|37.288793,26.556982|37.288885,26.557024|37.288933,26.557095|37.288964,26.557186|37.288956,26.557283|37.288902,26.557573|37.288818,26.557875|37.288803,26.557949|37.288817,26.557989', 'ΨΙΛΗ ΑΜΜΟΣ ΣΤΑΥΡΟΣ', '6.jpg');
INSERT INTO `place_paths` VALUES ('7', '1', '37.351238,26.571083|37.351337,26.57118|37.351368,26.571234|37.351467,26.571228|37.351528,26.571154|37.351643,26.571146|37.351711,26.571175|37.351944,26.571159|37.352036,26.571135|37.352134,26.571139|37.352207,26.571203|37.352297,26.57128|37.352413,26.571304|37.352596,26.571304|37.352795,26.571344|37.353027,26.571329|37.353249,26.571405|37.353569,26.571392|37.353977,26.571331|37.354065,26.571302|37.35421,26.57122|37.354347,26.571222|37.354443,26.571243|37.354576,26.571249|37.354626,26.571259|37.354679,26.571281|37.354864,26.571427|37.354984,26.571712|37.355293,26.572201|37.355457,26.57242|37.355509,26.57253|37.355531,26.572695|37.355586,26.572817|37.35564,26.572991|37.355784,26.573253|37.355972,26.573355|37.356049,26.573484|37.356144,26.573643|37.356235,26.573929|37.356238,26.574142|37.356222,26.574218|37.356248,26.574415|37.356281,26.574556|37.356308,26.574705|37.356316,26.574898|37.356359,26.57503|37.356425,26.575287|37.35649,26.575716|37.35659,26.576203|37.356572,26.576431|37.35659,26.576655|37.356577,26.576847|37.356506,26.577202|37.356512,26.577525|37.356494,26.577773|37.356514,26.578151|37.356581,26.578313|37.356505,26.578434|37.356489,26.578534|37.356478,26.578782|37.356545,26.578874|37.356598,26.578903|37.356622,26.578917|37.35675,26.578785|37.356861,26.578685|37.356968,26.578587|37.357176,26.578359|37.357219,26.578297|37.357311,26.577978|37.35741,26.577711|37.357479,26.577495|37.35768,26.576924|37.357887,26.576462|37.35796,26.576406|37.35817,26.576159|37.358254,26.576057|37.358457,26.575958|37.358559,26.575935|37.358768,26.575832|37.359061,26.57575|37.359132,26.57582|37.359203,26.57601|37.359482,26.576344|37.359652,26.576508|37.360009,26.576739|37.360237,26.576818|37.360371,26.576851|37.360796,26.576882|37.360912,26.576881|37.361045,26.576913|37.361668,26.577118|37.361828,26.577201|37.362062,26.577341|37.362431,26.577612|37.362507,26.577698|37.362601,26.577746|37.362709,26.577863|37.362839,26.578486|37.362823,26.578747|37.362793,26.579056|37.36273,26.579249|37.362583,26.579449|37.362446,26.580034|37.362434,26.580317|37.362404,26.580665|37.362478,26.580875|37.362505,26.581118|37.362537,26.581469|37.362551,26.581614|37.362566,26.581919|37.362584,26.582063|37.362575,26.582252|37.362567,26.58237|37.362585,26.582689|37.362625,26.582857|37.362636,26.583056|37.362661,26.583366|37.362675,26.583933|37.362654,26.584235|37.362628,26.584506|37.362558,26.584751|37.362496,26.585141|37.362419,26.585424|37.362339,26.585573|37.362225,26.585722|37.361829,26.586075|37.361591,26.586369|37.361397,26.586718|37.361343,26.586786|37.361254,26.587468|37.361217,26.587839|37.36115,26.588315|37.361122,26.588569|37.361058,26.588926|37.361012,26.589119|37.360913,26.589309|37.36071,26.589922|37.3606,26.590068|37.360596,26.590168|37.360575,26.590296|37.360523,26.590407|37.360535,26.590563|37.360566,26.590683|37.360565,26.590784|37.360535,26.590961|37.360443,26.591206|37.360371,26.591391|37.360289,26.591469|37.360171,26.591594|37.359927,26.592246|37.359829,26.592394|37.359772,26.592541|37.359679,26.592673|37.359643,26.592775|37.359446,26.59299|37.359456,26.593116|37.359415,26.59334|37.359344,26.593412|37.359283,26.593542|37.35918,26.593895|37.359119,26.594179|37.359006,26.594403|37.3588,26.594637|37.358756,26.594752|37.358494,26.595097|37.358287,26.59527|37.358224,26.595342|37.358094,26.595625|37.357901,26.595837|37.35778,26.596033|37.35767,26.596313|37.35751,26.596649|37.357578,26.596844|37.357455,26.597039|37.357406,26.597454|37.35724,26.597533|37.357147,26.597456|37.357078,26.597366|37.356989,26.597367|37.356961,26.59744|37.356997,26.597619|37.356993,26.597772|37.356935,26.597857|37.356801,26.597948|37.356661,26.597928|37.35652,26.597868|37.356418,26.59784|37.356312,26.59779|37.356205,26.597814|37.356071,26.597826|37.355756,26.597862|37.355622,26.59794|37.355451,26.598046|37.355229,26.598092|37.354928,26.598119|37.354754,26.598047|37.35459,26.598037|37.354506,26.598088|37.354343,26.598085|37.354088,26.598003|37.353943,26.597998|37.353758,26.59783|37.353465,26.597804|37.353199,26.597897|37.352969,26.598122|37.352637,26.59821|37.352389,26.598226|37.352287,26.598053|37.35193,26.597755|37.351666,26.597465|37.351528,26.597383|37.351203,26.597316|37.351104,26.597325|37.350849,26.597258|37.350619,26.597296|37.350397,26.596887|37.350342,26.596899|37.350197,26.596874|37.350136,26.596907|37.349995,26.596928|37.349751,26.597063|37.349758,26.597118|37.349606,26.597191|37.34951,26.597269|37.349377,26.597328|37.349121,26.597485|37.348986,26.597533|37.348877,26.59763|37.348743,26.597754|37.348633,26.59775|37.348587,26.597692|37.348572,26.597599|37.348457,26.597431|37.34832,26.597097|37.34808,26.596666|37.348045,26.596386|37.34808,26.596247|37.347992,26.596331|37.347842,26.596489|37.347626,26.596695|37.347315,26.596957|37.347226,26.597087|37.347198,26.5973|37.347157,26.597364|37.34708,26.597399|37.346699,26.597431|37.346592,26.597513|37.346416,26.597742|37.346348,26.597795|37.345585,26.597908|37.34545,26.597946|37.345263,26.598063|37.345148,26.598175|37.345167,26.59843|37.345139,26.598555|37.345085,26.598745|37.344955,26.599178|37.344852,26.599834|37.344727,26.600508|37.344624,26.600716|37.344536,26.600815|37.344444,26.600889|37.343977,26.601072|37.34367,26.601223|37.34336,26.601288|37.34231,26.602254|37.341786,26.602786|37.341532,26.603022|37.341428,26.603129|37.341354,26.603279|37.341268,26.603419|37.34117,26.603473|37.340799,26.603175|37.340732,26.602925|37.340832,26.602667|37.34086,26.602603|37.341043,26.602564|37.341123,26.602507|37.341251,26.602436|37.341412,26.602244|37.341439,26.60216|37.341511,26.602069|37.341579,26.601898|37.341686,26.601677|37.341782,26.601521|37.341895,26.60138|37.341949,26.601205|37.341949,26.601066|37.341831,26.600769|37.341757,26.600574|37.341727,26.600452|37.341763,26.600304|37.341774,26.600094|37.341923,26.599703|37.341938,26.599539|37.341965,26.5994|37.342097,26.599195|37.342196,26.598884|37.342274,26.598814|37.342392,26.59873|37.342529,26.598591|37.342635,26.59844|37.342609,26.598181|37.342613,26.598045|37.342575,26.597725|37.342526,26.597227|37.34258,26.596969|37.342712,26.59669|37.342869,26.596457|37.342888,26.596361|37.343029,26.596117|37.343143,26.596012|37.343304,26.595825|37.343316,26.59575|37.343367,26.595529|37.343341,26.595309|37.34334,26.594898|37.343389,26.594831|37.34345,26.594692|37.343452,26.594445|37.343508,26.593985|37.343517,26.593893|37.343538,26.593793|37.343559,26.593586|37.343727,26.593353|37.343739,26.593309|37.343731,26.593136|37.343708,26.592728|37.343662,26.592609|37.343651,26.592476|37.343712,26.592339|37.343785,26.592206|37.344001,26.591838|37.344086,26.591449|37.344242,26.591204|37.344322,26.59115|37.34447,26.5909|37.344667,26.590713|37.344927,26.590517|37.345118,26.59033|37.345224,26.59017|37.345405,26.590086|37.345543,26.589951|37.345646,26.589977|37.345885,26.589955|37.345932,26.589939|37.345985,26.589746|37.346062,26.589587|37.346135,26.589337|37.346157,26.58906|37.346111,26.588497|37.346089,26.588356|37.346046,26.588097|37.345985,26.587585|37.345864,26.587117|37.345877,26.586989|37.345821,26.586655|37.345734,26.586411|37.345657,26.586018|37.345581,26.585306|37.345608,26.585146|37.345661,26.584996|37.345774,26.584857|37.346127,26.584372|37.346344,26.584057|37.346676,26.583553|37.346845,26.583352|37.347037,26.583301|37.347221,26.583132|37.347192,26.583119|37.347106,26.58309|37.347045,26.583093|37.347221,26.582739|37.347297,26.582734|37.347562,26.582601|37.347874,26.582582|37.348135,26.582503|37.348791,26.582465|37.349013,26.582389|37.349312,26.582141|37.349635,26.581708|37.349655,26.581561|37.349548,26.58137|37.349521,26.581169|37.349514,26.580756|37.349457,26.580152|37.349458,26.579856|37.349527,26.579654|37.349574,26.579493|37.349513,26.579395|37.349111,26.579101|37.348957,26.578912|37.348832,26.578587|37.34882,26.57835|37.348893,26.578171|37.349456,26.577658|37.349473,26.577499|37.34926,26.57674|37.349228,26.576395|37.349277,26.57603|37.349397,26.575645|37.349525,26.57527|37.349857,26.574842|37.349943,26.574811|37.349965,26.574728|37.349907,26.574608|37.350079,26.574247|37.350137,26.573993|37.350147,26.573768|37.3501,26.573394|37.350089,26.573144|37.350029,26.572686|37.350099,26.572632|37.350204,26.57243|37.350137,26.572405|37.350029,26.572399|37.349987,26.572336|37.35001,26.572294|37.350103,26.572176|37.35033,26.572015|37.350748,26.571762|37.350915,26.57171|37.35106,26.571721|37.351051,26.571547|37.351124,26.571281|37.351193,26.57114|37.351213,26.571127', 'ΒΑΓΙΑ ΠΑΝΑΓΙΑ ΓΕΡΑΝΟΥ', '7.jpg');
INSERT INTO `place_paths` VALUES ('8', '1', '37.306213,26.54394|37.306206,26.543842|37.306178,26.543662|37.306121,26.543598|37.305965,26.543487|37.305937,26.543365|37.305847,26.543175|37.305608,26.543116|37.305454,26.543021|37.305257,26.542991|37.305073,26.542883|37.30489,26.542775|37.304578,26.542377|37.304246,26.542003|37.304108,26.541724|37.30385,26.541492|37.303641,26.541381|37.303372,26.541304|37.303049,26.541353|37.302652,26.541196|37.302486,26.541124|37.302362,26.540795|37.302287,26.54072|37.302199,26.540582|37.302138,26.540553|37.302048,26.540534|37.302035,26.540415|37.301984,26.540259|37.301961,26.540121|37.301983,26.540008|37.301773,26.540042|37.301573,26.540142|37.301499,26.540137|37.301365,26.54011|37.301264,26.540111|37.301168,26.540156|37.301005,26.540085|37.300825,26.540042|37.300702,26.53998|37.300422,26.539851|37.300349,26.539874|37.300298,26.53994|37.300274,26.540001|37.300263,26.540116|37.300307,26.540168', 'ΠΡΟΦΗΤΗΣ ΗΛΙΑΣ', '8.jpg');

-- ----------------------------
-- Table structure for users
-- ----------------------------
DROP TABLE IF EXISTS `users`;
CREATE TABLE `users` (
  `id` int(11) unsigned NOT NULL AUTO_INCREMENT,
  `email` varchar(100) DEFAULT NULL,
  `password` varchar(255) DEFAULT NULL,
  `role` int(3) DEFAULT NULL,
  `created` datetime DEFAULT NULL,
  `modified` datetime DEFAULT NULL,
  `full_name` varchar(255) DEFAULT NULL,
  `mobile` varchar(50) DEFAULT NULL,
  `tel` varchar(50) DEFAULT NULL,
  `address` varchar(255) DEFAULT NULL,
  `city` varchar(100) DEFAULT NULL,
  `zip` varchar(9) DEFAULT NULL,
  `about_me` text,
  PRIMARY KEY (`id`)
) ENGINE=InnoDB AUTO_INCREMENT=17 DEFAULT CHARSET=utf8;

-- ----------------------------
-- Records of users
-- ----------------------------
INSERT INTO `users` VALUES ('14', 'chrilamp@gmail.com', '$2y$10$alz8Ok58n/LoWIrU9Z1Gju6upFOVqtbzVz2e1zbQkXOHgWFCTk5lG', '1', '2015-10-12 14:19:33', null, '', null, null, null, null, null, null);
INSERT INTO `users` VALUES ('15', 'hotel-manager@blacksheep.gr', '$2y$10$XLz4AK2JaZj91bjujFWJLOyPkm6CqcS.mVG8VRB9kEI0ykY6.FU4O', '2', '2015-10-12 14:46:43', null, 'Hotel Manager', '6924578982', '219587458', 'Technopolis', 'Athens', null, null);
INSERT INTO `users` VALUES ('16', 'kontoulis@differend.gr', '$2y$10$nTf/36AAPSM19FJ1xeHbk.7pif6eoGg2WMidgSQEFxWYncC3z1Ooq', '2', '2015-10-13 16:13:45', null, null, null, null, null, null, null, null);

-- ----------------------------
-- Table structure for user_items
-- ----------------------------
DROP TABLE IF EXISTS `user_items`;
CREATE TABLE `user_items` (
  `id` int(11) NOT NULL AUTO_INCREMENT,
  `user_id` int(11) DEFAULT NULL,
  `item_id` int(11) DEFAULT NULL,
  PRIMARY KEY (`id`)
) ENGINE=InnoDB DEFAULT CHARSET=utf8;

-- ----------------------------
-- Records of user_items
-- ----------------------------

-- ----------------------------
-- Table structure for user_roles
-- ----------------------------
DROP TABLE IF EXISTS `user_roles`;
CREATE TABLE `user_roles` (
  `id` int(11) NOT NULL AUTO_INCREMENT,
  `role` varchar(100) DEFAULT NULL,
  PRIMARY KEY (`id`)
) ENGINE=InnoDB AUTO_INCREMENT=6 DEFAULT CHARSET=utf8;

-- ----------------------------
-- Records of user_roles
-- ----------------------------
INSERT INTO `user_roles` VALUES ('1', 'Admin');
INSERT INTO `user_roles` VALUES ('2', 'Hotel Manager');
INSERT INTO `user_roles` VALUES ('3', 'Restaurant/Bar Manager');
INSERT INTO `user_roles` VALUES ('4', 'Taxi Manager');
INSERT INTO `user_roles` VALUES ('5', 'Beach Manager');
